#{"t_start": 1718361177.9220998, "env_id": "NewRandomGoalAnt-v2"}
r,l,t-97.046657,767,11.873703
-31.974614,1000,29.937818
-21.89096,601,41.12923
-39.526894,174,44.666444
-15.24721,794,56.469657
