#{"t_start": 1718361177.9220998, "env_id": "NewRandomGoalAnt-v2"}
r,l,t-97.046657,767,11.873703
