#{"t_start": 1718361814.5801096, "env_id": "NewRandomGoalAnt-v2"}
r,l,t
-126.442998,650,4.851199
41.913734,515,7.88815
12.883451,792,12.521922
50.280675,486,15.358557
98.05412,867,20.432649
14.835303,88,20.951619
-5.698567,11,21.018561
-29.969974,271,22.637651
48.677524,1000,71.895065
30.442533,1000,77.927308
-59.04419,1000,83.818019
4.131038,535,86.951355
