#{"t_start": 1718361177.7469666, "env_id": "NewRandomGoalAnt-v2"}
r,l,t
-91.847082,592,8.452624
19.745738,964,26.624808
35.769899,242,30.388947
-31.309931,447,38.448597
26.025995,514,47.652627
12.061596,504,55.618635
