#{"t_start": 1718361177.7469666, "env_id": "NewRandomGoalAnt-v2"}
r,l,t
-91.847082,592,8.452624
