#{"t_start": 1718361177.8775938, "env_id": "NewRandomGoalAnt-v2"}
r,l,t
27.390574,152,1.804779
30.346257,944,17.933008
-39.894849,456,26.440363
-3.96403,632,36.935897
43.595917,1000,54.35346
-8.346539,10,54.52149
-129.102794,862,70.202124
-18.094559,27,70.732368
