#{"t_start": 1718361177.8775938, "env_id": "NewRandomGoalAnt-v2"}
r,l,t
27.390574,152,1.804779
30.346257,944,17.933008
