#{"t_start": 1718361814.5390828, "env_id": "NewRandomGoalAnt-v2"}
r,l,t
31.365168,247,2.261646
68.261673,1000,8.228055
-6.988524,13,8.309643
-33.160968,715,12.485027
28.678659,213,13.740196
-37.378516,1000,19.581568
-54.381105,1000,67.495876
19.850237,1000,74.805754
-111.303156,1000,80.791122
113.183762,1000,86.656366
