#{"t_start": 1718361814.5434115, "env_id": "NewRandomGoalAnt-v2"}
r,l,t
67.357157,1000,6.773183
-51.828883,1000,12.628945
-6.430696,18,12.737439
-10.841526,10,12.798062
76.559609,857,17.808828
105.248585,1000,23.706055
-34.726422,1000,72.967626
93.611631,1000,78.999636
86.309317,582,82.428469
-30.702828,753,86.839261
