#{"t_start": 1718361177.8822527, "env_id": "NewRandomGoalAnt-v2"}
r,l,t
20.785268,746,11.380902
-2.822526,69,12.651498
