#{"t_start": 1718361177.8822527, "env_id": "NewRandomGoalAnt-v2"}
r,l,t
20.785268,746,11.380902
-2.822526,69,12.651498
123.467663,1000,30.490474
-39.324048,35,31.002349
-1.081125,251,35.090751
-63.476724,1000,52.812176
