#{"t_start": 1718361177.887689, "env_id": "NewRandomGoalAnt-v2"}
r,l,t
7.436434,657,9.580572
7.393016,529,19.648845
142.941911,1000,36.996179
-20.15209,46,38.011665
-40.686885,205,42.461264
-4.715532,42,43.227937
135.949576,1000,59.079505
