#{"t_start": 1718361814.5488207, "env_id": "NewRandomGoalAnt-v2"}
r,l,t
97.157859,569,4.219425
-13.010522,11,4.283613
88.452566,1000,10.170462
-67.566063,508,13.14091
-5.942149,105,13.761328
94.921278,618,17.364962
-15.168796,17,17.463275
8.24876,292,19.178187
-7.891722,15,19.263802
7.982257,81,19.733255
23.637026,1000,67.775734
-58.909627,480,71.841249
16.027817,93,72.394269
61.050946,443,75.080658
-77.353856,1000,81.039552
3.097175,114,81.706597
3.716341,310,83.532778
