#{"t_start": 1718361177.887689, "env_id": "NewRandomGoalAnt-v2"}
r,l,t
7.436434,657,9.580572
7.393016,529,19.648845
