#{"t_start": 1718361177.8917744, "env_id": "NewRandomGoalAnt-v2"}
r,l,t
-38.565892,100,1.375393
111.549637,1000,17.975631
128.108212,952,34.135925
22.676942,196,38.385204
-101.970358,460,46.910323
5.014774,1000,63.496346
-14.256666,27,64.018139
5.895778,159,67.044851
