#{"t_start": 1718361177.8917744, "env_id": "NewRandomGoalAnt-v2"}
r,l,t
-38.565892,100,1.375393
111.549637,1000,17.975631
