#{"t_start": 1718361814.5527503, "env_id": "NewRandomGoalAnt-v2"}
r,l,t
-2.723945,431,3.355789
56.010982,1000,9.288697
-28.638992,310,11.103672
-32.437669,887,16.277374
-110.61109,738,20.612518
-7.940386,1000,69.23347
3.097779,187,70.843281
-20.083973,58,71.286213
8.421829,241,72.763497
19.516829,386,75.114752
62.375133,1000,81.070536
15.483893,729,85.350028
15.414021,149,86.21172
