#{"t_start": 1718361177.8963153, "env_id": "NewRandomGoalAnt-v2"}
r,l,t
10.513141,1000,16.131519
25.949815,560,26.522999
-62.655332,249,30.373371
65.376185,822,45.988872
84.893758,932,60.695102
