#{"t_start": 1718361177.8963153, "env_id": "NewRandomGoalAnt-v2"}
r,l,t
10.513141,1000,16.131519
