#{"t_start": 1718361814.5611176, "env_id": "NewRandomGoalAnt-v2"}
r,l,t
-74.47734,968,6.57022
-0.984351,68,6.968543
-19.73086,11,7.030699
65.669909,1000,12.891853
-23.838422,272,14.480125
32.663597,569,17.811494
-98.249042,1000,23.706869
-2.019223,117,24.382128
50.086569,1000,73.664491
-56.075428,1000,79.691856
-9.873223,10,79.750337
-26.530432,985,85.533939
