#{"t_start": 1718361177.9005082, "env_id": "NewRandomGoalAnt-v2"}
r,l,t
-91.460943,923,14.619612
-5.282398,197,18.315352
-9.151024,10,18.487781
62.514386,1000,35.658229
42.65548,229,40.760938
-97.491297,1000,56.644593
-5.53072,391,64.263486
