#{"t_start": 1718361177.9005082, "env_id": "NewRandomGoalAnt-v2"}
r,l,t
-91.460943,923,14.619612
-5.282398,197,18.315352
-9.151024,10,18.487781
