#{"t_start": 1718361177.9046123, "env_id": "NewRandomGoalAnt-v2"}
r,l,t
72.697705,1000,16.124229
