#{"t_start": 1718361177.9046123, "env_id": "NewRandomGoalAnt-v2"}
r,l,t
72.697705,1000,16.124229
-3.401318,904,31.70668
-68.362759,307,37.539887
20.595482,656,49.300433
-6.25844,31,49.812138
116.407562,1000,67.116896
