#{"t_start": 1718361814.5648088, "env_id": "NewRandomGoalAnt-v2"}
r,l,t
27.255269,440,3.394934
42.491026,445,6.066755
34.533402,551,9.307925
-74.868747,445,11.917664
-25.094733,23,12.051173
-12.201464,21,12.172557
17.545748,192,13.296195
-116.949801,1000,19.146093
92.843917,1000,66.732659
-12.98187,10,66.837708
41.006374,1000,74.392924
-75.672816,775,79.079731
96.899427,987,84.885628
