#{"t_start": 1718361177.909086, "env_id": "NewRandomGoalAnt-v2"}
r,l,t
23.781938,305,3.18291
-82.501175,614,14.547887
-14.854766,68,15.821319
-7.219709,9,16.047355
-10.607248,208,20.015946
