#{"t_start": 1718361814.5722942, "env_id": "NewRandomGoalAnt-v2"}
r,l,t
-41.343803,1000,6.746327
-17.190644,164,7.710645
7.717392,695,11.781975
-29.558845,25,11.927934
166.615714,1000,17.775191
69.511831,558,21.051988
78.279549,1000,69.887681
-0.602419,110,70.816488
41.959041,1000,77.002608
-41.704605,325,78.926096
6.501749,909,84.266092
