#{"t_start": 1718361177.9131405, "env_id": "NewRandomGoalAnt-v2"}
r,l,t
54.19303,1000,16.116621
-21.444422,16,16.403432
-6.460532,225,20.744986
-15.91238,61,21.978501
