#{"t_start": 1718361177.917547, "env_id": "NewRandomGoalAnt-v2"}
r,l,t
-26.091481,1000,16.116331
-30.447302,266,21.226869
7.454678,91,22.969748
1.792848,306,28.075169
-109.915074,752,41.94286
-21.55802,41,42.79768
32.637097,371,48.566758
15.181236,1000,65.85578
