#{"t_start": 1718361177.917547, "env_id": "NewRandomGoalAnt-v2"}
r,l,t
-26.091481,1000,16.116331
-30.447302,266,21.226869
7.454678,91,22.969748
