#{"t_start": 1718361814.5763361, "env_id": "NewRandomGoalAnt-v2"}
r,l,t
13.39737,417,3.255522
54.870766,1000,9.180134
-87.575718,770,13.69752
-51.350058,921,19.08457
95.537639,1000,66.626886
50.934009,407,70.513481
-21.35626,83,71.167233
-139.464029,1000,77.266165
-12.405353,17,77.365791
-105.260625,1000,83.26351
8.409902,74,83.697976
