#{"t_start": 1718361177.7511868, "env_id": "NewRandomGoalAnt-v2"}
r,l,t
-30.428558,198,2.281671
70.27625,847,17.079706
