#{"t_start": 1718361814.408905, "env_id": "NewRandomGoalAnt-v2"}
r,l,t
-26.489709,347,2.960192
-32.350953,259,4.572308
49.725288,1000,10.458686
-23.430133,66,10.841167
11.53427,1000,16.67921
-35.060859,679,20.666288
123.560535,935,68.603143
19.762574,371,71.750986
-7.910505,325,73.678005
-30.475483,359,75.904208
-121.442738,639,79.694801
-97.489529,655,83.548577
-22.251758,223,84.850171
