#{"t_start": 1718361177.7511868, "env_id": "NewRandomGoalAnt-v2"}
r,l,t
-30.428558,198,2.281671
70.27625,847,17.079706
12.396886,990,33.9705
-2.064731,1000,51.718693
-55.756812,442,59.147307
10.646853,334,65.727803
25.97232,221,69.850307
