#{"t_start": 1718361814.413599, "env_id": "NewRandomGoalAnt-v2"}
r,l,t
-2.547658,59,1.250253
-124.021057,1000,7.244754
-15.376558,510,10.239731
13.871769,961,15.845587
-41.435294,1000,21.726071
-23.177102,591,66.925435
-21.540287,259,69.499595
-18.93217,244,71.524288
-17.043568,52,71.857006
89.004831,787,76.627337
-117.355561,1000,82.5342
-11.760985,9,82.585953
