#{"t_start": 1718361177.7549615, "env_id": "NewRandomGoalAnt-v2"}
r,l,t
-18.203542,165,2.041192
-6.643406,119,2.981616
-161.53274,1000,21.778475
-10.96892,31,22.392674
-6.703902,56,23.338857
