#{"t_start": 1718361177.7549615, "env_id": "NewRandomGoalAnt-v2"}
r,l,t
-18.203542,165,2.041192
-6.643406,119,2.981616
-161.53274,1000,21.778475
-10.96892,31,22.392674
-6.703902,56,23.338857
66.933399,774,36.107994
-67.791344,289,42.526848
-14.443949,496,50.488544
41.938319,1000,67.894169
