#{"t_start": 1718361814.4184265, "env_id": "NewRandomGoalAnt-v2"}
r,l,t
165.06404,1000,6.896486
-35.071844,1000,12.752499
-95.406638,1000,18.600347
54.924683,940,24.148313
-25.738345,714,71.723806
-28.316572,213,72.9839
111.717467,614,76.729898
34.485438,226,78.070921
85.211982,1000,83.958457
