#{"t_start": 1718361177.7587256, "env_id": "NewRandomGoalAnt-v2"}
r,l,t
163.700457,1000,16.260416
-87.032212,536,26.29038
-18.368082,211,29.561863
111.964563,523,39.009587
161.721545,1000,55.674716
-15.324264,328,61.494924
-5.446128,15,61.761207
-9.431277,43,62.579103
