#{"t_start": 1718361177.7587256, "env_id": "NewRandomGoalAnt-v2"}
r,l,t
163.700457,1000,16.260416
