#{"t_start": 1718361814.423427, "env_id": "NewRandomGoalAnt-v2"}
r,l,t
119.197205,1000,6.891925
-37.96345,34,7.092779
-27.475559,101,7.678393
-1.245046,12,7.749166
-11.486594,9,7.80249
-29.720706,1000,13.664749
-5.442873,24,13.803678
67.197237,613,17.383268
12.583411,527,20.469177
-36.18709,883,67.768083
92.32849,475,71.86015
11.864193,139,72.683797
-74.15465,1000,78.712871
-56.024328,508,81.704786
-11.203504,117,82.403234
-8.430969,25,82.547181
