#{"t_start": 1718361177.7631378, "env_id": "NewRandomGoalAnt-v2"}
r,l,t
30.618703,152,1.917701
-14.12785,12,2.0267
-10.945407,77,2.596161
-16.102857,10,2.666406
-5.853486,15,2.851989
-0.745211,1000,21.377761
11.815252,697,32.785735
-0.855938,1000,50.799341
125.972359,1000,68.482413
