#{"t_start": 1718361177.7669554, "env_id": "NewRandomGoalAnt-v2"}
r,l,t
69.305251,1000,16.253072
-54.201371,212,20.306964
