#{"t_start": 1718361177.7669554, "env_id": "NewRandomGoalAnt-v2"}
r,l,t
69.305251,1000,16.253072
-54.201371,212,20.306964
-37.451858,256,25.069469
-27.454201,33,25.785502
-22.97552,261,29.803824
-151.359215,1000,47.664273
9.376979,234,51.082409
-50.356435,381,57.140024
-14.311284,11,57.3849
