#{"t_start": 1718361814.4281428, "env_id": "NewRandomGoalAnt-v2"}
r,l,t
62.612957,578,4.391037
-23.898002,130,5.170856
-119.335331,1000,11.031008
18.962307,225,12.35315
-90.801629,544,15.526705
-21.130615,448,18.156846
-102.18178,1000,24.052827
-7.366556,1000,73.316005
-28.679967,226,74.690745
93.00438,1000,80.682872
-67.453801,567,84.015086
