#{"t_start": 1718361177.7710402, "env_id": "NewRandomGoalAnt-v2"}
r,l,t
65.302558,638,9.340426
-40.321565,329,15.584438
-2.885705,584,26.531231
-35.31989,1000,44.808162
39.547753,509,52.067645
-21.098548,135,54.643004
-80.452066,365,60.764397
-40.200716,32,61.407828
-35.742428,29,61.89018
28.121646,111,64.078432
-23.257576,165,67.227994
-3.372234,16,67.565756
