#{"t_start": 1718361177.7710402, "env_id": "NewRandomGoalAnt-v2"}
r,l,t
65.302558,638,9.340426
-40.321565,329,15.584438
