#{"t_start": 1718361814.437882, "env_id": "NewRandomGoalAnt-v2"}
r,l,t
113.91443,653,4.831773
25.152199,238,6.227771
-24.116719,223,7.545223
9.675101,1000,13.404333
-26.948158,123,14.122356
-51.472679,1000,19.966034
14.249584,238,21.382154
-85.322616,1000,70.306038
-1.971076,182,71.723261
-46.021788,313,73.579244
101.367124,1000,79.605109
-23.188092,935,85.105276
