#{"t_start": 1718361177.7749233, "env_id": "NewRandomGoalAnt-v2"}
r,l,t
8.136967,1000,16.245958
-5.94006,23,16.670928
-5.713175,188,20.265364
-55.710341,127,22.763438
