#{"t_start": 1718361177.7791555, "env_id": "NewRandomGoalAnt-v2"}
r,l,t
124.537734,1000,16.242293
-48.94765,611,27.317045
36.892629,971,45.327395
-51.954111,493,52.357816
-33.043268,575,62.447065
