#{"t_start": 1718361814.4429142, "env_id": "NewRandomGoalAnt-v2"}
r,l,t
-20.731816,532,4.098639
-31.324062,187,5.218675
-16.953438,34,5.413539
-4.144392,11,5.480332
9.605632,411,7.90434
1.622891,12,7.972696
24.764148,1000,13.828904
11.932279,1000,19.670353
-6.004769,23,19.804495
-55.279386,797,24.512383
8.40535,1000,73.794557
-24.400081,20,73.912668
77.008855,1000,79.936027
15.364055,364,82.082438
-69.203456,567,85.407123
-6.159882,9,85.458915
