#{"t_start": 1718361177.7791555, "env_id": "NewRandomGoalAnt-v2"}
r,l,t
124.537734,1000,16.242293
