#{"t_start": 1718361815.4895668, "env_id": "NewRandomGoalAnt-v2"}
r,l,t
-25.758193,145,1.868092
109.003321,1000,7.920774
59.769482,897,13.216324
0.567698,1000,19.120406
-36.679742,672,23.140161
-42.709669,470,68.84874
74.81387,1000,75.408161
-7.627418,62,75.778853
-11.583048,10,75.842299
58.439455,349,77.911434
85.149523,389,80.211726
0.563085,38,80.433185
-5.216595,16,80.527433
-12.081013,11,80.590051
