#{"t_start": 1718361815.2847583, "env_id": "NewRandomGoalAnt-v2"}
r,l,t
62.351621,1000,7.05054
-3.948767,59,7.403345
-10.700279,11,7.471115
-60.165415,1000,13.373592
-112.836738,915,18.780515
11.558426,65,19.164018
28.423571,188,20.286537
92.931457,1000,69.31033
-4.821752,11,69.406054
-65.228808,1000,75.792933
-21.410732,1000,81.717171
18.723354,439,84.304807
