#{"t_start": 1718361815.4481752, "env_id": "NewRandomGoalAnt-v2"}
r,l,t
55.599136,1000,6.890397
-15.130434,41,7.135968
29.733476,194,8.279737
-0.695029,947,13.874842
79.239685,689,17.950901
-1.984575,15,18.037801
11.874048,678,22.076302
10.507842,271,23.68471
-12.244802,11,23.749424
-98.312078,392,69.148717
-18.081093,422,72.016078
-30.982086,922,77.609476
-40.084458,94,78.162424
0.199587,1000,84.066725
