#{"t_start": 1718361815.4538713, "env_id": "NewRandomGoalAnt-v2"}
r,l,t
136.003507,1000,6.885114
127.101684,1000,12.794956
-107.367548,1000,18.701876
-4.626344,12,18.774291
8.817836,140,19.599706
126.737004,1000,68.382076
-78.486101,1000,75.042837
-0.64602,535,78.222469
66.166304,1000,84.13097
-11.529305,10,84.189872
