#{"t_start": 1718361815.4587061, "env_id": "NewRandomGoalAnt-v2"}
r,l,t
4.562507,39,0.972902
30.501492,1000,7.114141
11.608558,194,8.25766
30.134968,162,9.230443
-47.279826,524,12.306254
16.447416,1000,18.219812
-5.818797,604,21.824832
-17.199768,27,21.981826
-5.22526,14,22.066341
17.351031,719,69.527073
-15.125533,664,73.738441
148.849677,952,79.473909
-2.18304,1000,85.369014
