#{"t_start": 1718361815.4625344, "env_id": "NewRandomGoalAnt-v2"}
r,l,t
167.789451,1000,6.8771
-6.493189,10,6.941028
-2.429314,38,7.163953
25.763246,1000,13.069752
3.74651,70,13.48402
4.351749,388,15.770219
-5.860658,233,17.155271
-12.955758,16,17.247706
-15.846281,861,22.37535
-42.837902,322,24.325852
38.205747,436,70.242766
177.366637,1000,76.36173
9.842808,758,80.843919
-15.811078,165,81.822969
7.828842,115,82.49854
15.217886,295,84.239727
-15.31585,232,85.604203
