#{"t_start": 1718361815.466564, "env_id": "NewRandomGoalAnt-v2"}
r,l,t
159.999052,1000,6.873491
-14.695943,25,7.024065
-24.080634,497,9.966551
-21.093195,632,13.694098
17.932264,145,14.533092
-29.117822,211,15.790919
-10.739829,13,15.871563
-2.82596,79,16.338392
79.573885,1000,22.287012
25.711055,260,23.822844
-0.784764,87,24.412685
-3.482614,1000,73.74314
21.859766,1000,79.763582
58.00139,1000,85.663412
-33.921758,50,85.959585
