#{"t_start": 1718361815.4702451, "env_id": "NewRandomGoalAnt-v2"}
r,l,t
-1.185769,161,1.768205
-116.494095,985,7.738922
41.128087,965,13.436099
15.700204,218,14.704942
-16.080637,16,14.798334
49.275343,1000,20.739348
12.999522,320,22.663959
16.884281,461,68.117024
-13.621591,10,68.212659
-26.297079,379,71.137328
39.345241,1000,77.193783
-21.021795,330,79.139346
102.047789,1000,85.039398
