#{"t_start": 1718361815.473937, "env_id": "NewRandomGoalAnt-v2"}
r,l,t
82.565788,1000,6.866692
74.129306,1000,12.776073
24.928591,1000,18.683029
40.330784,486,21.592017
-12.099599,156,22.525016
-6.682417,11,22.589027
-26.409705,248,24.050685
-13.112623,9,24.110675
1.363096,91,24.812419
92.797178,534,71.251076
-10.72029,23,71.389291
-22.144339,145,72.23877
56.125,410,74.784172
-55.876682,1000,80.716856
-26.913911,51,81.029505
