#{"t_start": 1718361815.4783223, "env_id": "NewRandomGoalAnt-v2"}
r,l,t
15.312938,497,3.893465
92.697597,1000,9.808911
14.679758,1000,15.696277
-15.815066,11,15.767031
-14.238371,274,17.394112
68.448763,1000,23.342602
-1.040025,608,70.347881
-6.955608,11,70.433834
35.337367,246,71.911149
-6.605742,22,72.039879
109.561104,1000,78.091546
-17.507741,35,78.298097
-11.353788,10,78.356301
-7.647728,396,80.694581
