#{"t_start": 1718361815.4819899, "env_id": "NewRandomGoalAnt-v2"}
r,l,t
111.171268,750,5.379992
21.080071,223,6.696579
76.784916,1000,12.60999
-2.185927,53,12.924897
56.532081,1000,18.827192
-31.809545,875,24.043368
40.549879,262,68.463211
-101.961385,1000,75.083141
38.435215,1000,81.014071
