#{"t_start": 1718361815.4859316, "env_id": "NewRandomGoalAnt-v2"}
r,l,t
24.915836,324,2.786076
79.422175,1000,8.782206
-30.240195,1000,14.659018
104.842749,1000,20.598975
28.964951,126,21.367211
19.151098,362,23.512019
-49.954171,173,24.672977
13.683355,877,73.183606
-42.25635,617,76.968654
20.59295,480,79.804128
35.288222,1000,85.704296
