#{"t_start": 1718361815.2902465, "env_id": "NewRandomGoalAnt-v2"}
r,l,t
45.561277,249,2.496797
-45.198741,334,4.582993
49.800378,1000,10.503612
-6.6633,61,10.859503
154.265897,1000,16.758733
50.166758,617,20.419115
87.366537,1000,69.504744
25.029927,1000,75.862419
0.563045,1000,81.781775
-5.045111,265,83.336861
