#{"t_start": 1718361815.3004737, "env_id": "NewRandomGoalAnt-v2"}
r,l,t
61.796905,1000,7.03566
-112.542145,589,10.529862
-2.565849,331,12.469825
-7.210508,10,12.533589
56.979635,1000,18.439844
-33.077197,1000,24.420333
-6.825914,35,24.698906
-7.593236,23,24.879513
36.345702,1000,74.154711
93.444687,917,79.667505
67.860924,991,85.508872
