#{"t_start": 1718361815.3060524, "env_id": "NewRandomGoalAnt-v2"}
r,l,t
5.869295,1000,7.030567
3.609915,153,7.943259
-41.251621,1000,13.846707
-12.319481,11,13.911875
28.631176,389,16.205633
-6.966879,55,16.533505
-12.659557,10,16.590373
16.313419,352,18.669299
-83.84768,703,22.873195
-15.004168,9,22.927049
-31.149634,276,24.645184
-13.084832,117,25.553026
-8.37961,9,25.629945
-53.229129,775,73.340815
154.947348,1000,79.385918
-56.375818,425,81.900783
