#{"t_start": 1718361815.3112783, "env_id": "NewRandomGoalAnt-v2"}
r,l,t
8.311355,1000,7.025793
-10.120765,12,7.102007
1.659031,993,12.968034
-56.127162,1000,18.876331
-37.737832,1000,25.003258
-16.683387,11,25.091485
62.829872,934,73.903423
99.471147,796,78.708543
19.749105,170,79.720714
60.900387,1000,85.616564
