#{"t_start": 1718361815.3221333, "env_id": "NewRandomGoalAnt-v2"}
r,l,t
-47.889382,1000,7.015844
24.619644,349,9.092792
19.58591,1000,14.967984
-21.321274,1000,20.911129
10.556016,903,69.39605
-37.032452,648,73.577488
-24.160486,129,74.40085
-47.897676,91,74.976829
176.373973,1000,80.911322
28.427246,293,82.644389
2.888666,83,83.130462
