#{"t_start": 1718361815.3278046, "env_id": "NewRandomGoalAnt-v2"}
r,l,t
-11.330334,241,2.406475
123.927413,641,6.310749
18.94712,187,7.423888
-7.484671,433,9.987557
4.335962,1000,15.875762
45.781005,90,16.415099
-18.212652,80,16.888492
3.505467,369,19.067965
-13.129855,1000,25.261136
-13.224862,11,25.343241
-7.125767,94,68.45062
-5.836734,13,68.576616
-41.113184,68,69.174044
2.710647,253,71.072585
101.478591,1000,77.131766
-60.522872,1000,83.030357
-6.144595,14,83.113247
