#{"t_start": 1718361816.8842683, "env_id": "NewRandomGoalAnt-v2"}
r,l,t-103.630745,1000,7.084924
-10.16826,419,9.550987
-49.348174,1000,15.446544
-4.821792,1000,21.40155
140.115822,932,70.247662
-42.885699,488,73.257129
-13.90732,10,73.32295
-87.196165,448,76.029279
-40.976052,1000,81.978125
-26.906232,74,82.412977
