#{"t_start": 1718361816.6739962, "env_id": "NewRandomGoalAnt-v2"}
r,l,t
-66.368917,229,2.524549
20.524383,972,8.269179
-47.851305,254,9.759978
-59.322796,323,11.661001
59.006971,702,15.805429
-35.951339,150,16.694208
7.045277,1000,22.618528
-88.100645,644,69.780925
-37.296217,193,70.921204
-7.448062,356,73.144346
-8.078042,563,76.558405
-82.781537,1000,82.496061
