#{"t_start": 1718361816.8289301, "env_id": "NewRandomGoalAnt-v2"}
r,l,t
75.936882,814,5.821569
-15.4513,12,5.894178
-98.155161,713,10.102859
-96.303319,527,13.187965
-126.810601,1000,19.129331
-17.08152,13,19.205551
-6.120819,691,23.425
-27.769287,26,23.632164
-69.381737,1000,72.822669
-86.782145,458,75.610755
-13.030538,51,75.919418
14.056537,1000,81.866372
-31.360332,72,82.288688
