#{"t_start": 1718361816.834624, "env_id": "NewRandomGoalAnt-v2"}
r,l,t
-64.566561,653,4.86892
-13.243326,11,4.933376
-25.624549,106,5.556259
2.745991,396,7.905927
-19.504758,33,8.098221
-14.146354,1000,13.958203
1.218307,1000,19.926509
-41.009928,1000,69.164727
-13.794865,9,69.232864
7.730066,229,70.586336
-35.37116,742,75.151168
2.227959,1000,81.124805
-8.534678,213,82.373589
