#{"t_start": 1718361816.8403676, "env_id": "NewRandomGoalAnt-v2"}
r,l,t
2.202911,39,1.148641
-24.505903,1000,7.15347
-98.775626,507,10.131434
-35.923311,557,13.394127
44.918153,372,15.611123
-10.414782,298,17.372295
-11.334443,312,19.229367
-93.36268,646,23.127688
-15.273998,11,23.206432
-25.647261,1000,72.464458
-45.691942,177,73.593632
-29.996664,280,75.268975
-43.200145,28,75.437009
-30.094036,1000,81.399022
