#{"t_start": 1718361816.8457794, "env_id": "NewRandomGoalAnt-v2"}
r,l,t
-8.058329,30,1.086842
44.78344,1000,7.094772
-93.176917,1000,12.958324
98.787236,1000,18.902727
-12.46985,87,19.4156
-33.328899,351,21.516206
141.273749,928,70.33519
6.019087,423,72.950103
-22.945356,14,73.044631
-38.138412,108,73.719014
-14.537666,189,74.843459
-85.510661,1000,80.813917
-15.865186,61,81.185726
-18.922198,154,82.084331
-42.542074,205,83.302017
