#{"t_start": 1718361816.8513577, "env_id": "NewRandomGoalAnt-v2"}
r,l,t
-19.833721,53,1.222632
-11.492939,1000,7.225086
-49.729836,668,11.150537
-31.665369,79,11.612337
-13.144474,9,11.665534
-76.385876,559,14.963049
-86.022456,1000,20.911167
-13.863423,150,21.801423
17.35572,1000,71.067397
-14.312965,12,71.143375
27.322627,573,74.676674
-63.133957,274,76.327987
9.453705,1000,82.267265
