#{"t_start": 1718361816.8565936, "env_id": "NewRandomGoalAnt-v2"}
r,l,t
-47.412793,842,5.965836
-44.415286,341,7.983622
-12.281819,10,8.042157
-173.958203,1000,13.899982
-6.210946,24,14.043532
-14.09369,13,14.123011
11.889572,1000,20.090347
-115.37571,1000,69.342541
25.677155,796,74.213785
-33.669336,92,74.761363
37.146025,747,79.243072
-10.887395,11,79.306533
-16.139809,68,79.720024
