#{"t_start": 1718361816.8619356, "env_id": "NewRandomGoalAnt-v2"}
r,l,t
-63.713832,793,5.665753
124.759362,757,10.133538
-5.016531,892,15.392765
21.375906,1000,21.345447
36.028694,1000,70.589428
-65.24381,168,71.617755
4.309695,910,77.18226
-18.531839,11,77.250698
2.074209,1000,83.17534
-22.683298,23,83.310264
