#{"t_start": 1718361816.867869, "env_id": "NewRandomGoalAnt-v2"}
r,l,t
-1.990833,597,4.510965
-14.523376,13,4.588763
-14.817183,10,4.647298
-13.800457,8,4.693506
-12.285256,10,4.75179
-21.410813,13,4.824785
-59.20477,1000,10.719014
-8.346719,1000,16.627587
-51.703764,203,17.819146
59.551739,706,22.024383
95.49609,1000,71.305929
66.67275,1000,77.421052
-84.749822,462,80.167508
-13.806142,21,80.290807
