#{"t_start": 1718361816.87318, "env_id": "NewRandomGoalAnt-v2"}
r,l,t
99.997088,1000,6.883745
-17.804228,68,7.292864
-8.676194,306,9.084327
32.379972,402,11.452765
-18.518245,31,11.632078
34.897644,1000,17.537886
-49.590549,629,21.29899
-0.182422,1000,70.542542
-131.640777,758,75.207468
-60.039203,1000,81.175664
