#{"t_start": 1718361816.8788784, "env_id": "NewRandomGoalAnt-v2"}
r,l,t
4.957457,735,5.305808
-109.692789,1000,11.203942
-33.274154,600,14.74076
-17.708883,11,14.80676
-33.455679,1000,20.752317
-152.787163,1000,70.009441
1.532997,138,70.818775
-114.029409,767,75.54577
-12.447766,10,75.6052
73.239872,1000,81.561209
