#{"t_start": 1718361816.6801133, "env_id": "NewRandomGoalAnt-v2"}
r,l,t
-59.40472,411,3.588356
-23.770867,89,4.117676
-24.325269,1000,10.018285
-27.075644,165,10.986326
3.421533,1000,16.896622
-15.442843,511,19.936166
-16.067874,10,20.002344
-19.464106,13,20.079217
-22.051921,52,20.386893
-5.439216,626,24.433197
-68.365888,1000,73.48633
0.09153,1000,79.487511
