#{"t_start": 1718361816.685485, "env_id": "NewRandomGoalAnt-v2"}
r,l,t
-19.770553,101,1.681913
51.909602,1000,7.67038
-30.131437,182,8.735391
-13.989357,11,8.80157
-20.119896,145,9.654522
-40.394501,573,13.013212
-21.994556,205,14.212327
-25.960651,453,16.921398
-5.756238,351,19.008219
-58.791816,426,21.550479
-46.28015,607,26.120175
-69.452501,620,72.18466
-141.53417,1000,78.290467
-17.902685,251,79.770504
-16.601439,16,79.869795
-15.010767,11,79.936309
