#{"t_start": 1718361816.6909611, "env_id": "NewRandomGoalAnt-v2"}
r,l,t
-45.227873,402,3.525229
-48.566498,24,3.66578
-41.65029,424,6.178123
-15.742987,12,6.249932
-21.880113,140,7.075938
72.844744,833,11.973571
-29.689982,69,12.379329
-5.949223,220,13.662651
-44.432671,883,18.917376
-49.119545,1000,25.64004
-119.839162,1000,74.26418
-107.562522,700,78.482123
91.076478,871,83.620553
