#{"t_start": 1718361816.6967018, "env_id": "NewRandomGoalAnt-v2"}
r,l,t
-11.096142,74,1.49431
107.547745,1000,7.502114
-39.220849,108,8.135618
-38.188826,159,9.065816
-25.200908,23,9.199912
-18.153182,33,9.393514
21.652694,1000,15.285518
-22.905231,375,17.508631
-42.333078,1000,23.572252
-38.788207,657,70.676377
-37.162793,96,71.267236
-92.669876,1000,77.376208
-13.195458,9,77.432105
-10.193452,558,80.742678
-25.557846,475,83.549618
