#{"t_start": 1718361816.7019746, "env_id": "NewRandomGoalAnt-v2"}
r,l,t
-78.010288,420,3.620202
8.744927,1000,9.524403
-26.640374,517,12.563358
-22.423591,710,16.768217
-53.222242,512,19.809485
-18.050038,13,19.886842
-34.762531,248,21.374346
-109.993098,509,24.887698
-134.953908,381,69.969613
-24.425748,132,70.747318
-9.639937,294,72.563836
-110.939587,1000,78.643939
-73.749827,1000,84.541674
