#{"t_start": 1718361816.713334, "env_id": "NewRandomGoalAnt-v2"}
r,l,t
49.829669,1000,7.041568
-47.276494,1000,12.916213
-0.180279,1000,18.853371
-56.634154,1000,25.542555
-7.783483,287,69.819374
10.649571,399,72.236802
73.329141,1000,78.335089
62.627851,1000,84.230889
