#{"t_start": 1718361816.719105, "env_id": "NewRandomGoalAnt-v2"}
r,l,t
-33.348519,436,3.69803
-26.765639,50,3.997824
-43.863591,1000,9.898936
-19.41456,525,12.97463
-18.806829,29,13.143633
36.641872,559,16.461543
-74.662416,449,19.133847
40.576678,1000,26.030295
4.682588,1000,74.480517
-37.079292,418,76.998933
-92.857348,1000,82.936575
