#{"t_start": 1718361178.3243897, "env_id": "NewRandomGoalAnt-v2"}
r,l,t
-97.046657,767,10.345629
-31.974614,1000,28.758687
-21.89096,601,38.554185
-39.526894,174,40.868163
-15.24721,794,54.225219
