#{"t_start": 1718361178.3243897, "env_id": "NewRandomGoalAnt-v2"}
r,l,t
-97.046657,767,10.345629
