#{"t_start": 1718361178.3243897, "env_id": "NewRandomGoalAnt-v2"}
r,l,t
-97.046657,767,10.345629
-31.974614,1000,28.758687
-21.89096,601,38.554185
-39.526894,174,40.868163
-15.24721,794,54.225219
9.391727,873,160.518973
-7.889899,10,160.605176
-7.292364,24,160.825307
-10.244106,10,160.930377
0.087086,208,163.614882
4.931301,37,164.065721
2.579352,494,169.619258
-7.602062,1000,185.16359
