#{"t_start": 1718361178.136718, "env_id": "NewRandomGoalAnt-v2"}
r,l,t
-91.847082,592,7.464537
19.745738,964,25.225721
35.769899,242,29.284289
-31.309931,447,36.759181
26.025995,514,44.280865
12.061596,504,53.009244
111.528402,1000,161.023054
-16.140533,445,166.631944
-27.101639,33,166.997076
138.267463,1000,181.302613
-13.288126,10,181.549689
