#{"t_start": 1718361178.2725217, "env_id": "NewRandomGoalAnt-v2"}
r,l,t
27.390574,152,2.154342
30.346257,944,16.049531
