#{"t_start": 1718361178.2725217, "env_id": "NewRandomGoalAnt-v2"}
r,l,t
27.390574,152,2.154342
30.346257,944,16.049531
-39.894849,456,25.01438
-3.96403,632,35.746597
43.595917,1000,51.504354
-8.346539,10,51.676849
-129.102794,862,67.099433
-18.094559,27,67.554981
