#{"t_start": 1718361178.2781208, "env_id": "NewRandomGoalAnt-v2"}
r,l,t
20.785268,746,9.718243
-2.822526,69,11.079905
123.467663,1000,29.427935
-39.324048,35,30.011615
-1.081125,251,34.341247
-63.476724,1000,49.669595
