#{"t_start": 1718361178.2781208, "env_id": "NewRandomGoalAnt-v2"}
r,l,t
20.785268,746,9.718243
-2.822526,69,11.079905
