#{"t_start": 1718361178.2781208, "env_id": "NewRandomGoalAnt-v2"}
r,l,t
20.785268,746,9.718243
-2.822526,69,11.079905
123.467663,1000,29.427935
-39.324048,35,30.011615
-1.081125,251,34.341247
-63.476724,1000,49.669595
9.562523,1000,158.257155
-23.853353,153,160.796567
39.806676,1000,172.620965
-11.171552,10,172.728778
-4.242322,172,175.485107
0.875938,276,180.483225
-11.304646,108,182.941001
-101.014238,799,188.149643
