#{"t_start": 1718361178.2839246, "env_id": "NewRandomGoalAnt-v2"}
r,l,t
7.436434,657,8.411679
7.393016,529,17.944351
142.941911,1000,35.765187
-20.15209,46,36.467925
-40.686885,205,39.286586
-4.715532,42,39.880302
135.949576,1000,56.592136
-14.796608,1000,163.676831
-36.689015,30,164.017716
-13.141693,569,170.698497
-46.588152,434,176.832285
46.977731,1000,187.668689
