#{"t_start": 1718361178.2839246, "env_id": "NewRandomGoalAnt-v2"}
r,l,t
7.436434,657,8.411679
7.393016,529,17.944351
