#{"t_start": 1718361178.2889369, "env_id": "NewRandomGoalAnt-v2"}
r,l,t
-38.565892,100,1.516489
111.549637,1000,16.132838
128.108212,952,33.535824
22.676942,196,36.647177
-101.970358,460,43.448585
5.014774,1000,60.844099
-14.256666,27,61.336626
5.895778,159,64.295022
12.692245,670,164.662781
-41.778701,605,171.772918
1.469038,150,173.415494
61.886108,925,186.464092
