#{"t_start": 1718361178.2889369, "env_id": "NewRandomGoalAnt-v2"}
r,l,t
-38.565892,100,1.516489
111.549637,1000,16.132838
