#{"t_start": 1718361178.294716, "env_id": "NewRandomGoalAnt-v2"}
r,l,t
10.513141,1000,14.444873
25.949815,560,25.138522
-62.655332,249,29.309396
65.376185,822,42.317664
84.893758,932,58.117006
