#{"t_start": 1718361178.294716, "env_id": "NewRandomGoalAnt-v2"}
r,l,t
10.513141,1000,14.444873
