#{"t_start": 1718361178.2996998, "env_id": "NewRandomGoalAnt-v2"}
r,l,t
-91.460943,923,12.941086
-5.282398,197,16.497303
-9.151024,10,16.746608
62.514386,1000,34.801229
42.65548,229,38.287472
-97.491297,1000,54.424834
-5.53072,391,61.592728
67.926854,1000,166.919296
-17.324113,22,167.213815
50.743293,374,171.552679
-7.125182,866,185.159422
24.722454,197,186.299161
