#{"t_start": 1718361178.2996998, "env_id": "NewRandomGoalAnt-v2"}
r,l,t
-91.460943,923,12.941086
-5.282398,197,16.497303
-9.151024,10,16.746608
