#{"t_start": 1718361178.3046885, "env_id": "NewRandomGoalAnt-v2"}
r,l,t
72.697705,1000,14.438349
