#{"t_start": 1718361178.3046885, "env_id": "NewRandomGoalAnt-v2"}
r,l,t
72.697705,1000,14.438349
-3.401318,904,30.877011
-68.362759,307,36.09338
20.595482,656,45.806621
-6.25844,31,46.372412
116.407562,1000,64.333305
