#{"t_start": 1718361178.3102574, "env_id": "NewRandomGoalAnt-v2"}
r,l,t
23.781938,305,3.696995
-82.501175,614,12.858847
-14.854766,68,14.190645
-7.219709,9,14.347193
-10.607248,208,18.218618
96.677441,1000,35.962562
-10.920466,362,41.217944
36.006107,328,46.294378
-11.653339,11,46.475358
-2.509254,702,58.973146
-25.501817,1000,165.287977
-31.132203,201,167.55339
65.96914,444,172.572377
18.51803,328,177.977107
160.969809,1000,187.944704
