#{"t_start": 1718361178.3151484, "env_id": "NewRandomGoalAnt-v2"}
r,l,t
54.19303,1000,14.428698
-21.444422,16,14.693362
-6.460532,225,18.842951
-15.91238,61,20.056147
