#{"t_start": 1718361178.3204699, "env_id": "NewRandomGoalAnt-v2"}
r,l,t
-26.091481,1000,14.423961
-30.447302,266,19.325305
7.454678,91,21.242356
