#{"t_start": 1718361178.3204699, "env_id": "NewRandomGoalAnt-v2"}
r,l,t
-26.091481,1000,14.423961
-30.447302,266,19.325305
7.454678,91,21.242356
1.792848,306,26.836314
-109.915074,752,39.004827
-21.55802,41,39.528981
32.637097,371,45.220692
15.181236,1000,63.128195
44.441508,728,164.525254
4.284199,944,176.584478
-35.467823,36,177.240616
6.084763,167,180.217672
-16.291336,106,182.639328
