#{"t_start": 1718361178.1408036, "env_id": "NewRandomGoalAnt-v2"}
r,l,t
-30.428558,198,2.807745
70.27625,847,15.270404
12.396886,990,33.416641
-2.064731,1000,48.645201
-55.756812,442,56.689962
10.646853,334,62.989712
25.97232,221,66.769842
25.816531,206,160.775218
8.757675,643,168.381918
-45.412068,1000,184.133401
-22.136187,64,184.7712
