#{"t_start": 1718361178.1408036, "env_id": "NewRandomGoalAnt-v2"}
r,l,t
-30.428558,198,2.807745
70.27625,847,15.270404
