#{"t_start": 1718361178.1445556, "env_id": "NewRandomGoalAnt-v2"}
r,l,t
-18.203542,165,2.509997
-6.643406,119,3.628976
-161.53274,1000,19.841578
-10.96892,31,20.498024
-6.703902,56,21.717308
66.933399,774,35.224002
-67.791344,289,39.37361
-14.443949,496,47.059017
41.938319,1000,64.905206
