#{"t_start": 1718361178.1445556, "env_id": "NewRandomGoalAnt-v2"}
r,l,t
-18.203542,165,2.509997
-6.643406,119,3.628976
-161.53274,1000,19.841578
-10.96892,31,20.498024
-6.703902,56,21.717308
