#{"t_start": 1718361178.1482565, "env_id": "NewRandomGoalAnt-v2"}
r,l,t
163.700457,1000,14.578984
-87.032212,536,24.86472
-18.368082,211,28.40406
111.964563,523,37.044764
161.721545,1000,53.095055
-15.324264,328,58.917446
-5.446128,15,59.214741
-9.431277,43,59.999902
