#{"t_start": 1718361178.1482565, "env_id": "NewRandomGoalAnt-v2"}
r,l,t
163.700457,1000,14.578984
