#{"t_start": 1718361178.1523488, "env_id": "NewRandomGoalAnt-v2"}
r,l,t
30.618703,152,2.272463
-14.12785,12,2.495457
-10.945407,77,3.248169
-16.102857,10,3.322336
-5.853486,15,3.44449
-0.745211,1000,19.484564
11.815252,697,32.080794
-0.855938,1000,47.576785
125.972359,1000,65.399685
41.006242,1000,169.265707
-86.995299,1000,184.937286
-17.876915,466,187.422835
