#{"t_start": 1718361178.1561077, "env_id": "NewRandomGoalAnt-v2"}
r,l,t
69.305251,1000,14.575276
-54.201371,212,18.522902
-37.451858,256,23.641031
