#{"t_start": 1718361178.1561077, "env_id": "NewRandomGoalAnt-v2"}
r,l,t
69.305251,1000,14.575276
-54.201371,212,18.522902
-37.451858,256,23.641031
-27.454201,33,24.263035
-22.97552,261,28.643482
-151.359215,1000,44.318483
9.376979,234,48.142101
-50.356435,381,54.901577
-14.311284,11,55.103164
48.173191,921,161.528259
-42.019601,198,164.120716
-122.131489,1000,176.866696
30.621147,1000,187.773354
