#{"t_start": 1718361178.1602254, "env_id": "NewRandomGoalAnt-v2"}
r,l,t
65.302558,638,8.24791
-40.321565,329,13.931966
