#{"t_start": 1718361178.1602254, "env_id": "NewRandomGoalAnt-v2"}
r,l,t
65.302558,638,8.24791
-40.321565,329,13.931966
-2.885705,584,25.111385
-35.31989,1000,40.994421
39.547753,509,49.085715
-21.098548,135,51.800641
-80.452066,365,58.189151
-40.200716,32,58.782637
-35.742428,29,59.350466
28.121646,111,61.409959
-23.257576,165,64.461847
-3.372234,16,64.64732
