#{"t_start": 1718361178.1642275, "env_id": "NewRandomGoalAnt-v2"}
r,l,t
8.136967,1000,14.56991
-5.94006,23,14.934076
-5.713175,188,18.493495
-55.710341,127,20.974551
