#{"t_start": 1718361178.1683779, "env_id": "NewRandomGoalAnt-v2"}
r,l,t
124.537734,1000,14.568194
