#{"t_start": 1718361178.1683779, "env_id": "NewRandomGoalAnt-v2"}
r,l,t
124.537734,1000,14.568194
-48.94765,611,26.131329
36.892629,971,41.616266
-51.954111,493,49.33122
-33.043268,575,59.886246
