#{"t_start": 1718361178.1683779, "env_id": "NewRandomGoalAnt-v2"}
r,l,t
124.537734,1000,14.568194
-48.94765,611,26.131329
36.892629,971,41.616266
-51.954111,493,49.33122
-33.043268,575,59.886246
-101.958202,1000,165.945688
20.966831,375,170.077602
-77.520358,251,172.942598
-11.670251,683,184.883475
-18.774243,37,185.178364
19.227089,220,186.461553
-9.076392,11,186.510015
