#{"t_start": 1718361817.4941006, "env_id": "NewRandomGoalAnt-v2"}
r,l,t
10.657135,558,4.269514
5.9675,32,4.462508
0.221785,249,5.938064
-17.354645,152,6.843804
-65.80161,1000,12.748867
-2.502669,58,13.086928
9.732244,311,14.944591
-47.587786,537,18.126165
-91.535698,615,21.78836
-63.810147,1000,71.020443
-37.08612,1000,77.109887
49.658343,1000,83.00694
