#{"t_start": 1718361817.6374617, "env_id": "NewRandomGoalAnt-v2"}
r,l,t
-13.491525,471,3.621342
160.65987,1000,9.544419
-14.779269,12,9.616393
24.636351,953,15.246458
1.302685,231,16.613458
-18.567962,611,20.267228
-51.984898,1000,69.474864
-2.661467,1000,75.580289
-5.449823,12,75.654287
51.830357,995,81.531919
