#{"t_start": 1718361817.648442, "env_id": "NewRandomGoalAnt-v2"}
r,l,t
13.703395,496,3.756268
-18.871447,199,4.923447
-106.791346,690,9.024783
57.018953,411,11.455817
-3.82476,10,11.513796
-7.496599,30,11.687928
-66.705118,582,15.128996
35.559154,1000,21.081527
-41.506946,274,22.925468
-33.822877,506,68.996898
60.937926,903,74.528411
6.68373,635,78.282397
-6.079055,816,83.084189
