#{"t_start": 1718361817.6534736, "env_id": "NewRandomGoalAnt-v2"}
r,l,t
49.392082,1000,6.738495
-7.73279,10,6.804159
-2.132679,41,7.043065
38.010283,128,7.789616
-43.543068,559,11.110429
38.081973,767,15.641067
64.707382,1000,21.589522
96.041129,1000,70.820012
37.663322,1000,76.910215
1.866185,1000,82.80841
