#{"t_start": 1718361817.6591008, "env_id": "NewRandomGoalAnt-v2"}
r,l,t
-12.636103,384,3.073848
-26.862131,506,6.068462
40.716105,1000,11.992732
19.609339,459,14.714527
-11.757039,10,14.776152
-4.150817,21,14.899471
40.870374,906,20.295306
-44.58831,691,25.493157
94.170569,1000,73.781414
63.768764,1000,79.706833
-28.88744,175,80.742903
-7.15489,11,80.806086
