#{"t_start": 1718361817.664294, "env_id": "NewRandomGoalAnt-v2"}
r,l,t
22.19986,190,1.930773
24.531148,85,2.424403
72.845702,413,4.866208
-13.277908,1000,10.802686
5.452298,1000,16.71078
-18.758439,290,18.434812
-20.448642,41,18.680403
37.493139,1000,25.906964
-3.03882,15,26.063857
106.966437,1000,74.112798
71.889646,1000,80.038536
