#{"t_start": 1718361817.669472, "env_id": "NewRandomGoalAnt-v2"}
r,l,t
0.50255,900,6.121167
-64.475587,653,9.994894
-40.191692,698,14.123996
-8.300595,10,14.185179
-49.371855,1000,20.129852
-46.572499,298,21.904669
-40.531935,345,24.798492
-2.071196,9,24.883143
-11.171481,306,69.099452
-7.645452,10,69.156465
-7.797927,25,69.303881
5.040533,316,71.197688
12.388599,117,72.011547
31.415164,829,76.960815
-64.305425,926,82.429391
