#{"t_start": 1718361817.6750581, "env_id": "NewRandomGoalAnt-v2"}
r,l,t
-35.687099,1000,6.717871
-24.722624,428,9.255317
-39.909799,1000,15.163111
-3.390527,9,15.216145
34.275379,1000,21.166098
5.377296,152,22.115713
-7.249768,1000,71.313393
-89.951298,696,75.587101
-19.79097,22,75.7196
-31.502754,654,79.597492
-11.082406,11,79.66234
-2.775676,50,79.955106
