#{"t_start": 1718361817.6801956, "env_id": "NewRandomGoalAnt-v2"}
r,l,t
-12.553817,44,1.04988
-47.944667,1000,6.976877
-15.626077,14,7.058967
12.826782,252,8.547463
-91.785579,1000,14.461941
94.965661,1000,20.416809
-28.221929,1000,69.62281
58.413302,1000,75.734234
-83.795462,343,77.764801
-5.800807,13,77.839414
-59.839411,1000,83.727605
