#{"t_start": 1718361817.498291, "env_id": "NewRandomGoalAnt-v2"}
r,l,t
-24.010441,739,5.342767
-60.64939,229,6.703581
-5.618554,10,6.76462
10.847679,282,8.435742
53.069679,935,13.959073
-8.948255,523,17.054546
-7.2459,10,17.113953
-14.731062,48,17.401765
-2.803475,33,17.592903
8.258246,824,22.625482
122.862061,1000,71.812655
9.856431,46,72.13001
-58.467747,1000,78.09704
