#{"t_start": 1718361817.502562, "env_id": "NewRandomGoalAnt-v2"}
r,l,t
45.257363,611,4.573204
66.987736,366,6.754453
8.995943,164,7.716576
-34.720488,296,9.477234
49.149045,192,10.613844
-12.553276,11,10.67997
17.052323,114,11.354422
-123.65181,1000,17.265379
91.534134,873,22.579218
67.101384,423,26.388538
-17.76108,978,74.236244
-13.230363,1000,80.161168
51.612272,1000,86.116962
8.680943,919,92.27564
-34.222107,866,140.180959
104.374052,1000,146.124198
-4.334799,16,146.223241
-49.231246,1000,152.278005
-111.537552,1000,158.427926
-29.567855,1000,207.547868
-12.75944,1000,213.518375
-8.156289,263,215.140785
-1.81088,1000,221.086299
-2.3714,12,221.156554
118.338481,1000,227.615219
19.642244,178,229.251473
33.814571,139,272.269394
-2.234162,397,274.749801
0.449753,495,277.737614
13.181515,208,279.006992
-31.206188,71,279.422998
-35.802258,649,283.417862
-3.856162,29,283.587129
-13.659505,279,285.268932
37.536459,612,288.934211
77.555777,752,293.607007
-2.345104,1000,342.738172
-112.545577,1000,348.659788
-59.394707,1000,354.579486
46.623619,1000,360.573694
69.892522,407,363.584733
-16.556675,1000,412.307377
-39.318131,1000,418.509472
-13.742707,14,418.598513
54.575358,1000,424.615579
-9.884667,14,424.701021
116.53162,1000,431.114301
-9.599252,10,431.188655
16.182282,112,432.107919
1.455764,58,432.591645
84.233971,995,480.894955
-16.304746,169,481.894383
-18.27609,43,482.147793
-8.251872,24,482.289487
87.238884,1000,488.221081
-25.505575,1000,494.160425
61.161122,971,501.118574
19.244769,1000,549.466923
-11.519162,22,549.593096
-59.271533,757,554.133739
-33.057294,1000,560.115064
-55.035013,1000,566.612809
-12.627297,19,566.76096
-15.216118,1000,615.956239
11.445083,584,619.458094
-47.16551,457,622.223395
-4.434578,10,622.282779
13.915509,63,622.656003
42.060727,1000,628.707411
-5.513097,25,628.857322
29.698863,452,631.576545
19.034335,126,632.327042
14.557774,1000,681.750829
