#{"t_start": 1718361817.502562, "env_id": "NewRandomGoalAnt-v2"}
r,l,t
45.257363,611,4.573204
66.987736,366,6.754453
8.995943,164,7.716576
-34.720488,296,9.477234
49.149045,192,10.613844
-12.553276,11,10.67997
17.052323,114,11.354422
-123.65181,1000,17.265379
91.534134,873,22.579218
67.101384,423,26.388538
-17.76108,978,74.236244
-13.230363,1000,80.161168
