#{"t_start": 1718361817.506439, "env_id": "NewRandomGoalAnt-v2"}
r,l,t
-25.589013,99,1.543197
110.790637,1000,7.465443
84.988827,523,10.569318
-11.128693,12,10.640466
1.352509,61,10.99978
-61.972306,424,13.485678
-10.531879,13,13.567353
-8.406932,13,13.646015
-72.16617,1000,19.599004
33.651512,1000,68.824068
29.290835,210,70.057744
64.234897,1000,76.171989
-4.062024,11,76.236201
-26.396306,495,79.179564
