#{"t_start": 1718361817.5110888, "env_id": "NewRandomGoalAnt-v2"}
r,l,t
117.976595,1000,6.878922
1.286264,33,7.079523
-11.239629,76,7.517768
-3.639869,12,7.588419
5.764977,75,8.034408
37.307247,1000,13.952816
57.277999,517,17.012402
18.843012,1000,23.214305
49.721264,931,71.885303
-4.03837,206,73.170066
-35.998745,558,76.478577
44.717962,1000,82.387144
-7.892725,10,82.446161
-32.639525,188,83.536511
-13.668102,14,83.623968
