#{"t_start": 1718361817.5151098, "env_id": "NewRandomGoalAnt-v2"}
r,l,t
-27.090895,332,2.904947
44.926382,673,6.908823
8.775961,34,7.110617
-56.52009,382,9.371205
38.669042,1000,15.278992
-38.926771,383,17.54715
86.122458,1000,24.007919
50.683314,1000,72.890434
-12.052808,11,72.957101
-17.434814,231,74.331342
-15.535765,352,76.41484
61.332815,991,82.272373
