#{"t_start": 1718361817.5192661, "env_id": "NewRandomGoalAnt-v2"}
r,l,t
-11.992953,54,1.269713
33.631919,301,3.040301
-8.256376,12,3.112813
129.456649,1000,9.04647
-69.842888,1000,14.961506
67.809647,1000,20.907163
-6.65846,11,20.975099
-7.850642,10,21.03522
45.818265,508,24.870262
-45.250996,182,26.681411
-85.000171,1000,74.518317
-2.358314,15,74.608631
-1.123821,800,79.356648
