#{"t_start": 1718361817.5230958, "env_id": "NewRandomGoalAnt-v2"}
r,l,t
-111.523224,714,5.16421
-19.612043,22,5.301913
97.76175,1000,11.226483
46.550949,439,13.816787
46.659785,317,15.692079
35.250816,1000,21.642716
9.614026,1000,70.872442
106.930082,1000,76.961412
-25.407215,1000,82.861701
-1.548226,82,83.338243
