#{"t_start": 1718361817.5272045, "env_id": "NewRandomGoalAnt-v2"}
r,l,t
-123.44011,645,4.750341
-52.510039,477,7.578908
-7.46041,11,7.643842
87.826791,1000,13.55462
-18.382861,1000,19.506766
-16.65198,226,20.853863
47.946309,415,23.714555
-21.073718,119,24.834977
-11.938872,176,26.577495
79.119543,626,72.201092
-27.532464,40,72.447208
-2.693748,144,73.329522
53.979039,1000,79.267192
38.353363,538,82.424683
