#{"t_start": 1718361181.3835683, "env_id": "NewRandomGoalAnt-v2"}
r,l,t
-27.883132,508,10.691876
18.074609,464,19.800137
