#{"t_start": 1718361181.3835683, "env_id": "NewRandomGoalAnt-v2"}
r,l,t
-27.883132,508,10.691876
18.074609,464,19.800137
34.880356,1000,40.392638
-12.345852,94,42.316585
28.971253,332,49.260643
-4.849151,57,50.637274
38.0842,1000,73.122576
