#{"t_start": 1718361181.1700807, "env_id": "NewRandomGoalAnt-v2"}
r,l,t
-75.661569,1000,20.375797
