#{"t_start": 1718361181.1700807, "env_id": "NewRandomGoalAnt-v2"}
r,l,t
-75.661569,1000,20.375797
-156.82239,812,37.262661
-11.121415,16,37.507545
-28.239779,567,49.193064
-108.766552,736,66.1685
