#{"t_start": 1718361181.332594, "env_id": "NewRandomGoalAnt-v2"}
r,l,t
-19.697553,843,16.946326
