#{"t_start": 1718361181.332594, "env_id": "NewRandomGoalAnt-v2"}
r,l,t
-19.697553,843,16.946326
-94.705728,1000,37.583441
-12.254573,11,37.773731
12.627136,332,44.627273
4.233003,69,46.030552
-13.5213,23,46.49906
-5.68907,11,46.734486
65.203894,1000,69.562889
-4.151917,89,71.391873
-6.295874,37,72.156732
