#{"t_start": 1718361181.3386452, "env_id": "NewRandomGoalAnt-v2"}
r,l,t
9.827993,181,4.240304
-5.371202,13,4.491968
22.479069,434,12.862393
-10.192948,15,13.160834
-11.425907,1000,34.000513
40.983172,299,39.569118
-48.008994,318,46.128816
34.020018,492,57.705107
-8.751322,10,57.948845
-9.464994,9,58.189732
-113.299074,1000,79.621511
