#{"t_start": 1718361181.3386452, "env_id": "NewRandomGoalAnt-v2"}
r,l,t
9.827993,181,4.240304
-5.371202,13,4.491968
22.479069,434,12.862393
-10.192948,15,13.160834
