#{"t_start": 1718361181.344414, "env_id": "NewRandomGoalAnt-v2"}
r,l,t
81.238141,1000,20.204845
