#{"t_start": 1718361181.344414, "env_id": "NewRandomGoalAnt-v2"}
r,l,t
81.238141,1000,20.204845
-15.224107,51,21.361225
8.819215,66,22.761625
-68.76985,517,33.823645
22.745889,174,37.020939
112.193739,1000,59.075944
9.270361,234,64.195247
-15.287259,508,74.824135
-10.099059,11,75.062867
10.781632,356,81.923563
