#{"t_start": 1718361181.3495016, "env_id": "NewRandomGoalAnt-v2"}
r,l,t
-10.274852,92,2.498468
3.639915,231,6.954917
-2.522652,28,7.4952
-35.929916,754,22.511625
50.928361,441,32.094708
8.594732,281,37.308547
-17.292424,85,38.963998
-5.220255,74,40.503483
-3.951773,12,40.751323
3.970154,1000,63.257328
-18.763706,413,72.056519
-10.440746,124,74.542356
-19.334257,24,75.011798
