#{"t_start": 1718361181.3495016, "env_id": "NewRandomGoalAnt-v2"}
r,l,t
-10.274852,92,2.498468
3.639915,231,6.954917
-2.522652,28,7.4952
