#{"t_start": 1718361181.3553538, "env_id": "NewRandomGoalAnt-v2"}
r,l,t
-35.782519,828,16.662964
