#{"t_start": 1718361181.3553538, "env_id": "NewRandomGoalAnt-v2"}
r,l,t
-35.782519,828,16.662964
117.250205,846,34.592037
-53.900581,1000,55.753393
-34.129005,1000,77.460409
-90.865174,348,82.956867
4.789617,35,83.287571
