#{"t_start": 1718361181.3603945, "env_id": "NewRandomGoalAnt-v2"}
r,l,t
-78.917781,552,11.330796
124.677452,1000,32.198409
-23.914979,382,39.39137
-3.135043,1000,61.873059
-28.590596,665,75.904432
13.844487,103,78.065507
