#{"t_start": 1718361181.3603945, "env_id": "NewRandomGoalAnt-v2"}
r,l,t
-78.917781,552,11.330796
