#{"t_start": 1718361181.364908, "env_id": "NewRandomGoalAnt-v2"}
r,l,t
12.936162,241,5.36812
-6.636059,10,5.557171
79.500566,639,17.891579
