#{"t_start": 1718361181.364908, "env_id": "NewRandomGoalAnt-v2"}
r,l,t
12.936162,241,5.36812
-6.636059,10,5.557171
79.500566,639,17.891579
2.107204,498,28.598568
18.464738,156,32.037595
-3.991371,27,32.559762
39.087155,398,40.127274
-1.641072,10,40.335426
55.138896,472,50.343143
40.157633,1000,72.824781
-101.129894,507,82.26691
