#{"t_start": 1718361181.3696313, "env_id": "NewRandomGoalAnt-v2"}
r,l,t
12.698532,289,6.285058
1.029829,331,12.674417
-6.783241,11,12.894401
-3.410935,9,13.061837
