#{"t_start": 1718361181.3696313, "env_id": "NewRandomGoalAnt-v2"}
r,l,t
12.698532,289,6.285058
1.029829,331,12.674417
-6.783241,11,12.894401
-3.410935,9,13.061837
-99.212561,733,28.278009
-4.569754,14,28.563485
20.488281,502,38.350807
-15.523137,676,53.045712
24.746545,1000,75.110338
48.036003,462,83.006413
