#{"t_start": 1718361181.3741462, "env_id": "NewRandomGoalAnt-v2"}
r,l,t
-15.348258,1000,20.187822
-1.86464,16,20.544507
