#{"t_start": 1718361181.3741462, "env_id": "NewRandomGoalAnt-v2"}
r,l,t
-15.348258,1000,20.187822
-1.86464,16,20.544507
-26.277268,688,35.150141
-26.339886,407,43.016839
76.091805,755,60.457993
-2.999936,191,64.483253
53.617961,1000,83.270375
