#{"t_start": 1718361181.3789513, "env_id": "NewRandomGoalAnt-v2"}
r,l,t
18.307873,1000,20.183579
-72.445784,757,36.142871
17.331677,658,49.458638
-3.398055,17,49.882346
67.794984,1000,72.453662
-14.51179,14,72.723637
