#{"t_start": 1718361181.3789513, "env_id": "NewRandomGoalAnt-v2"}
r,l,t
18.307873,1000,20.183579
