#{"t_start": 1718361181.1880252, "env_id": "NewRandomGoalAnt-v2"}
r,l,t
0.796345,643,13.30799
19.718582,295,19.067049
-17.362978,251,24.572983
-118.527388,1000,44.828919
-1.627308,399,53.794627
-20.012769,873,73.215827
-15.797827,110,75.424855
37.073783,251,80.898273
