#{"t_start": 1718361181.1880252, "env_id": "NewRandomGoalAnt-v2"}
r,l,t
0.796345,643,13.30799
19.718582,295,19.067049
