#{"t_start": 1718345643.0939317, "env_id": "NewRandomGoalAnt-v2"}
r,l,t
163.264728,1000,9.956216
-49.239527,1000,18.93178
54.152244,1000,36.337993
65.44305,1000,45.443108
-9.334151,214,111.385924
39.67401,985,131.615162
-3.63242,11,131.760962
-90.922571,1000,141.847772
-18.700709,312,146.319649
37.557196,330,150.991091
5.562528,322,153.939311
33.645717,740,170.332281
-9.868553,10,170.432418
51.344711,1000,243.123228
23.633543,1000,252.410947
77.928582,733,259.248345
95.76549,1000,268.239419
-25.66143,199,270.045122
74.538133,1000,342.172845
22.586486,287,345.437077
24.656458,838,354.822108
-3.667873,15,354.989736
-43.460216,1000,366.331915
20.569569,1000,386.947526
49.157509,636,443.158545
39.919497,402,448.189197
-5.689666,9,448.295352
-51.538405,1000,470.533813
7.43646,1000,480.206213
-4.076614,10,480.31874
3.616736,211,482.644386
34.346757,381,486.867071
79.329571,533,503.643858
63.024729,1000,564.298867
3.70741,1000,576.119849
79.554548,1000,597.353287
62.687898,1000,609.081153
63.993274,519,660.32685
-99.64647,1000,684.051757
94.919249,1000,695.067954
91.713932,771,702.912828
16.870989,441,708.068845
-1.782312,141,709.65331
11.044592,1000,765.755457
60.404599,213,768.311261
107.846399,1000,788.299183
-14.482602,10,788.386011
-6.588627,1000,799.264909
71.278046,215,801.690156
-15.86686,590,808.982093
32.301079,143,810.334241
-30.672451,1000,871.50965
49.439482,238,874.455636
-22.072243,1000,886.195923
-6.629879,13,886.328942
-7.854533,8,886.41106
29.013791,1000,903.758413
40.889442,268,906.393952
125.299768,1000,916.06323
-6.238991,15,916.233249
105.263484,1000,968.022561
82.278829,516,973.643664
-8.612481,10,973.752959
22.744108,341,977.874842
129.608617,827,987.857472
111.511184,1000,998.078727
-81.610242,1000,1042.714174
91.123943,445,1047.831423
169.563619,1000,1069.547521
