#{"t_start": 1718361181.1926398, "env_id": "NewRandomGoalAnt-v2"}
r,l,t
5.872568,102,2.84376
50.520202,1000,22.607207
-32.029135,858,40.104028
-57.570294,971,61.979351
-13.577472,11,62.217447
5.456708,93,64.193867
-99.018049,936,82.619566
-0.079806,53,83.132796
