#{"t_start": 1718361181.200107, "env_id": "NewRandomGoalAnt-v2"}
r,l,t
10.891341,283,6.335573
18.482271,1000,26.579475
33.112569,774,42.091832
-8.816136,10,42.294136
80.951927,665,57.327607
9.68919,72,59.129207
24.833961,973,79.891493
-8.497279,10,80.134585
-7.658718,73,81.511779
