#{"t_start": 1718361181.207054, "env_id": "NewRandomGoalAnt-v2"}
r,l,t
34.143163,669,13.806692
121.509218,768,29.883811
162.504144,1000,50.167586
-8.708633,9,50.371738
-7.102621,12,50.663451
0.425134,31,51.38682
45.001123,191,56.038705
-20.165788,892,75.427531
