#{"t_start": 1718361181.207054, "env_id": "NewRandomGoalAnt-v2"}
r,l,t
34.143163,669,13.806692
