#{"t_start": 1718361181.2137635, "env_id": "NewRandomGoalAnt-v2"}
r,l,t
-35.553351,459,9.69685
55.833314,90,11.416793
