#{"t_start": 1718361181.2137635, "env_id": "NewRandomGoalAnt-v2"}
r,l,t
-35.553351,459,9.69685
55.833314,90,11.416793
47.691703,1000,32.286052
-22.373184,1000,52.79043
10.734095,277,59.631682
-2.992488,10,59.867446
-79.48616,1000,81.171984
