#{"t_start": 1718361181.2207723, "env_id": "NewRandomGoalAnt-v2"}
r,l,t
-11.253692,511,10.688942
-5.52171,187,14.393133
216.156402,1000,35.172268
-57.089164,984,56.083713
13.313651,527,67.86904
