#{"t_start": 1718361181.2207723, "env_id": "NewRandomGoalAnt-v2"}
r,l,t
-11.253692,511,10.688942
-5.52171,187,14.393133
