#{"t_start": 1718361181.2253535, "env_id": "NewRandomGoalAnt-v2"}
r,l,t
-20.043317,368,7.943549
5.214853,741,22.721832
5.373731,685,36.924538
-11.775101,105,38.779876
41.510217,434,47.723092
61.1963,1000,70.556696
