#{"t_start": 1718361181.2253535, "env_id": "NewRandomGoalAnt-v2"}
r,l,t
-20.043317,368,7.943549
