#{"t_start": 1718361181.2302315, "env_id": "NewRandomGoalAnt-v2"}
r,l,t
46.259889,1000,20.317977
77.722888,1000,40.91002
-6.468102,14,41.199299
-8.512641,9,41.378918
116.858169,1000,63.912925
-51.745328,800,80.881627
