#{"t_start": 1718361181.2302315, "env_id": "NewRandomGoalAnt-v2"}
r,l,t
46.259889,1000,20.317977
