#{"t_start": 1718361180.4562385, "env_id": "NewRandomGoalAnt-v2"}
r,l,t-49.443263,1000,21.085313
-48.419567,299,27.1988
64.795683,1000,47.443123
99.23855,1000,67.729493
