#{"t_start": 1718361180.4562385, "env_id": "NewRandomGoalAnt-v2"}
r,l,t-49.443263,1000,21.085313
