#{"t_start": 1718361180.2451284, "env_id": "NewRandomGoalAnt-v2"}
r,l,t
-5.752152,1000,21.071853
