#{"t_start": 1718361180.2451284, "env_id": "NewRandomGoalAnt-v2"}
r,l,t
-5.752152,1000,21.071853
95.463753,1000,40.632296
-32.406098,38,41.420662
-41.08148,341,49.13626
-13.378306,150,52.2374
22.372714,557,63.67836
-91.314385,916,80.90318
