#{"t_start": 1718361815.8219457, "env_id": "NewRandomGoalAnt-v2"}
r,l,t
-151.470727,1000,6.990264
19.01215,703,11.125984
-18.479784,145,11.97643
-140.392028,1000,17.901593
-5.238876,24,18.043799
1.850757,978,23.849671
-58.159341,584,70.749088
-12.685587,10,70.807817
-120.162914,401,73.211764
-11.750868,733,77.643137
-11.45627,10,77.701849
23.114858,1000,83.605059
-33.603058,189,84.718215
