#{"t_start": 1718361815.9513175, "env_id": "NewRandomGoalAnt-v2"}
r,l,t
-73.114729,442,3.56773
-37.534766,1000,9.470999
118.750534,1000,15.383012
89.465858,657,19.250333
30.867765,1000,68.057552
-12.197778,308,70.460884
-74.857689,772,75.156465
28.81717,461,77.877769
-32.972646,1000,83.789727
-13.943518,9,83.842493
