#{"t_start": 1718361180.4051476, "env_id": "NewRandomGoalAnt-v2"}
r,l,t
-93.722015,1000,20.9146
-71.070789,1000,40.474739
-43.782216,277,46.751109
-58.284932,236,51.744506
-15.334383,54,52.894564
-135.281512,1000,72.436999
