#{"t_start": 1718361180.4051476, "env_id": "NewRandomGoalAnt-v2"}
r,l,t
-93.722015,1000,20.9146
