#{"t_start": 1718361180.410688, "env_id": "NewRandomGoalAnt-v2"}
r,l,t
-49.140574,503,10.606045
1.766428,1000,31.282234
-27.920937,169,34.06637
46.764396,988,54.778235
104.701445,1000,74.243182
