#{"t_start": 1718361815.9554582, "env_id": "NewRandomGoalAnt-v2"}
r,l,t
45.331555,445,3.581558
60.280655,1000,9.484544
-74.220956,1000,15.397257
28.330984,679,19.395081
-28.561083,1000,68.269025
-40.743139,98,69.116108
71.950853,1000,75.413401
-54.042503,301,77.186735
-68.280491,1000,83.085803
