#{"t_start": 1718361180.410688, "env_id": "NewRandomGoalAnt-v2"}
r,l,t
-49.140574,503,10.606045
