#{"t_start": 1718361815.959701, "env_id": "NewRandomGoalAnt-v2"}
r,l,t
-52.229809,105,1.414624
-44.780269,222,2.862593
-29.751023,160,3.820938
-28.56901,284,5.507537
-21.215678,72,5.925899
-13.14642,14,6.010691
-73.023914,1000,11.89897
-45.555907,494,14.806597
-14.642279,9,14.859864
17.995631,1000,20.808551
-19.394692,32,20.995552
-2.510265,132,21.780223
33.761046,1000,71.146196
-16.689804,70,71.560351
74.556879,1000,77.600558
-6.050894,1000,83.507303
