#{"t_start": 1718361180.416248, "env_id": "NewRandomGoalAnt-v2"}
r,l,t
-44.463502,148,3.324601
-15.549761,50,4.39488
-39.099601,419,12.974451
