#{"t_start": 1718361180.4211705, "env_id": "NewRandomGoalAnt-v2"}
r,l,t
-51.851676,281,6.07165
-16.266593,12,6.322337
-145.618121,1000,26.882277
-16.565553,1000,47.11219
-59.134923,1000,67.44109
