#{"t_start": 1718361815.96366, "env_id": "NewRandomGoalAnt-v2"}
r,l,t
-29.64591,222,2.164964
-8.072729,40,2.448552
-21.81467,1000,8.402971
-87.856186,599,11.921147
-86.33271,1000,17.837967
-44.002497,992,23.732109
56.0873,1000,73.126812
-3.219016,147,74.053182
-66.24512,492,76.99674
-64.962346,668,80.945839
-45.404543,171,81.950624
3.195471,234,83.325241
-56.262847,273,84.93468
