#{"t_start": 1718361180.4211705, "env_id": "NewRandomGoalAnt-v2"}
r,l,t
-51.851676,281,6.07165
-16.266593,12,6.322337
