#{"t_start": 1718361815.9681096, "env_id": "NewRandomGoalAnt-v2"}
r,l,t
-13.248375,186,1.934447
-5.888549,56,2.301518
-14.558933,16,2.411563
78.30998,1000,8.374444
-129.02958,1000,14.250167
-91.248252,753,18.715224
-16.031649,1000,24.952487
-38.038814,263,69.525428
-81.251867,1000,75.707862
-16.155797,33,75.898245
-59.495593,1000,81.800725
-25.901177,229,83.148202
