#{"t_start": 1718361180.426801, "env_id": "NewRandomGoalAnt-v2"}
r,l,t
-80.666404,312,6.71487
-24.49852,50,7.807186
21.099497,1000,28.310203
70.409838,1000,48.449431
-19.186669,100,50.625072
-16.419412,15,50.958101
-41.024305,1000,70.758087
-92.149486,581,81.741839
