#{"t_start": 1718361180.426801, "env_id": "NewRandomGoalAnt-v2"}
r,l,t
-80.666404,312,6.71487
-24.49852,50,7.807186
