#{"t_start": 1718361180.4316356, "env_id": "NewRandomGoalAnt-v2"}
r,l,t
-57.348212,634,13.372812
-17.597022,277,19.022622
-22.664483,18,19.401188
