#{"t_start": 1718361815.9718468, "env_id": "NewRandomGoalAnt-v2"}
r,l,t
-113.351298,669,4.886263
97.486518,843,9.86334
11.184007,221,11.153985
-62.90707,1000,17.07565
-9.740112,13,17.153721
-124.558952,708,21.348352
-160.286993,904,70.15166
-39.641593,21,70.277309
-68.136604,405,72.68927
31.233836,477,75.630026
-29.442832,97,76.201727
-29.481882,259,77.725627
11.272272,1000,83.63482
