#{"t_start": 1718361180.4316356, "env_id": "NewRandomGoalAnt-v2"}
r,l,t
-57.348212,634,13.372812
-17.597022,277,19.022622
-22.664483,18,19.401188
-20.969722,1000,38.94536
-90.095353,626,52.616797
-91.201062,355,59.957567
-43.872783,266,65.412643
-46.148939,195,68.886918
