#{"t_start": 1718361815.975557, "env_id": "NewRandomGoalAnt-v2"}
r,l,t
45.488426,767,5.468938
-6.151797,17,5.567732
-9.903113,57,5.899559
-41.248727,357,8.009902
-12.846278,14,8.093479
-116.551484,1000,13.974172
-4.232958,71,14.387666
-15.497785,12,14.457193
3.857321,278,16.132736
-32.549131,40,16.367584
22.150679,1000,22.294712
-51.075287,298,24.164789
-110.560488,1000,73.481318
-56.692441,333,75.524891
-133.357663,1000,81.423516
-8.859976,11,81.488765
