#{"t_start": 1718361180.4364126, "env_id": "NewRandomGoalAnt-v2"}
r,l,t
-32.6517,99,2.348832
19.509958,1000,22.95137
-119.147741,925,40.941096
-13.004781,9,41.128495
11.833997,1000,62.464617
-29.678074,113,64.781795
-12.464833,12,65.031462
-12.155874,11,65.265546
-66.050836,460,73.629552
