#{"t_start": 1718361180.4416192, "env_id": "NewRandomGoalAnt-v2"}
r,l,t
-91.770246,543,11.371889
-7.338432,588,23.534829
-120.476756,1000,43.272671
-8.577074,8,43.423615
-11.773195,958,63.730846
11.573919,500,72.995695
