#{"t_start": 1718361180.4416192, "env_id": "NewRandomGoalAnt-v2"}
r,l,t
-91.770246,543,11.371889
