#{"t_start": 1718361815.9855525, "env_id": "NewRandomGoalAnt-v2"}
r,l,t
-19.079356,317,2.778228
-61.967226,1000,8.708314
-117.030726,990,14.520503
-34.946545,158,15.490186
-58.175022,201,16.667089
-38.470211,1000,22.595397
-23.745965,49,22.880448
-91.767378,836,71.283457
-32.665698,267,72.885382
-8.238915,16,72.982155
-186.655585,740,77.458807
42.182573,566,80.807525
-3.58027,122,81.519082
-4.397052,377,83.75099
