#{"t_start": 1718361180.4465473, "env_id": "NewRandomGoalAnt-v2"}
r,l,t
13.665093,196,4.32603
-2.032069,323,10.886648
12.900514,516,21.590528
73.959929,1000,41.15777
-69.164441,528,52.766385
-21.172499,1000,72.321141
-15.344972,36,73.030468
-5.259098,61,74.215798
