#{"t_start": 1718361180.4465473, "env_id": "NewRandomGoalAnt-v2"}
r,l,t
13.665093,196,4.32603
-2.032069,323,10.886648
12.900514,516,21.590528
