#{"t_start": 1718361180.451547, "env_id": "NewRandomGoalAnt-v2"}
r,l,t
-61.28413,741,15.745465
-11.650233,13,16.00972
-28.876081,159,19.045389
-13.089495,1000,38.614131
-14.941575,9,38.789542
-29.605073,16,39.114837
-20.519399,173,42.83358
-24.85382,21,43.276793
39.393205,531,54.813941
-3.053338,129,57.433623
-9.765469,1000,76.657871
-39.085648,102,78.628743
-12.583978,12,78.870322
