#{"t_start": 1718361180.451547, "env_id": "NewRandomGoalAnt-v2"}
r,l,t
-61.28413,741,15.745465
-11.650233,13,16.00972
-28.876081,159,19.045389
