#{"t_start": 1718361180.2499316, "env_id": "NewRandomGoalAnt-v2"}
r,l,t
15.260889,138,3.277322
-15.818036,12,3.535486
-30.024996,116,5.950142
-48.001991,613,18.537841
22.405372,1000,38.072631
-29.521499,111,40.431978
-7.015261,95,42.465093
-72.194766,1000,63.652427
7.424041,1000,82.457754
