#{"t_start": 1718361815.8260863, "env_id": "NewRandomGoalAnt-v2"}
r,l,t
-15.414393,240,2.42556
-55.560182,493,5.417284
-25.350545,112,6.069902
-7.476468,387,8.361232
-123.54776,790,13.010536
12.180699,1000,18.920307
79.858811,1000,25.187955
-86.35597,730,72.64266
-51.607751,596,76.285704
-106.142123,458,78.983831
124.150555,1000,84.882896
