#{"t_start": 1718361180.2499316, "env_id": "NewRandomGoalAnt-v2"}
r,l,t
15.260889,138,3.277322
-15.818036,12,3.535486
-30.024996,116,5.950142
-48.001991,613,18.537841
