#{"t_start": 1718361815.8298564, "env_id": "NewRandomGoalAnt-v2"}
r,l,t
-13.758787,42,1.16971
64.074118,1000,7.230822
-34.637811,195,8.387885
23.793397,649,12.20373
-10.166661,27,12.361141
-33.090742,96,12.928219
-118.807927,504,15.926567
-115.17845,1000,21.83826
15.12644,314,23.69326
-7.100987,215,25.350859
-89.398575,748,72.866853
-46.867562,851,78.004349
-43.948955,1000,83.915812
-14.491648,17,84.014483
23.182591,219,85.302083
