#{"t_start": 1718361180.2580106, "env_id": "NewRandomGoalAnt-v2"}
r,l,t
-55.250362,393,8.615333
-28.128225,559,20.0624
