#{"t_start": 1718361180.2580106, "env_id": "NewRandomGoalAnt-v2"}
r,l,t
-55.250362,393,8.615333
-28.128225,559,20.0624
-51.874716,613,32.322698
-15.354017,9,32.462825
-14.097462,11,32.663632
-12.90782,11,32.855135
-62.515837,442,41.408549
-19.363088,148,44.627513
-20.359247,1000,65.790307
-4.426964,330,71.622712
