#{"t_start": 1718361180.2643154, "env_id": "NewRandomGoalAnt-v2"}
r,l,t
-82.490674,408,8.912716
-56.16496,488,18.869176
