#{"t_start": 1718361815.8336973, "env_id": "NewRandomGoalAnt-v2"}
r,l,t
-39.97778,1000,6.979435
-50.90655,418,9.447812
-13.953192,261,10.973483
-29.790077,23,11.108814
-49.201269,420,13.591747
-54.951871,577,17.013319
-37.071254,300,18.776129
-18.484281,1000,24.981767
-40.1244,1000,74.17393
-8.783798,1000,80.110449
-17.670326,118,80.821475
-9.120911,32,81.010267
