#{"t_start": 1718361180.2643154, "env_id": "NewRandomGoalAnt-v2"}
r,l,t
-82.490674,408,8.912716
-56.16496,488,18.869176
-34.695191,912,36.635756
-21.746428,460,46.669519
-34.033621,1000,67.224506
-84.926344,811,82.320202
