#{"t_start": 1718361180.269964, "env_id": "NewRandomGoalAnt-v2"}
r,l,t
44.536468,1000,21.048257
