#{"t_start": 1718361815.8377976, "env_id": "NewRandomGoalAnt-v2"}
r,l,t
25.886372,1000,6.975867
-17.8305,15,7.065186
-53.760327,393,9.384171
-33.354396,29,9.554074
-22.128561,891,14.790252
20.794407,659,18.702228
-4.459169,471,21.504316
8.142754,739,69.017726
-29.060741,149,70.209232
-46.775443,1000,76.262288
-101.134455,852,81.294474
-12.144852,319,83.167121
