#{"t_start": 1718361180.269964, "env_id": "NewRandomGoalAnt-v2"}
r,l,t
44.536468,1000,21.048257
-5.625303,609,33.090797
-102.3833,920,52.213838
10.719708,355,59.539165
-15.980961,121,62.167872
-14.841242,12,62.375914
-12.654636,12,62.573874
-65.988226,529,72.388065
-37.184934,198,76.202658
-79.824595,301,81.875693
