#{"t_start": 1718361815.8415143, "env_id": "NewRandomGoalAnt-v2"}
r,l,t
-88.348234,1000,6.972671
-41.743859,936,12.489598
44.118738,1000,18.400068
-37.880226,44,18.657835
-61.584046,483,21.530728
-79.226087,1000,70.903762
-48.139827,650,74.868549
45.368316,1000,80.790475
-13.462257,10,80.850597
