#{"t_start": 1718361180.275083, "env_id": "NewRandomGoalAnt-v2"}
r,l,t
-33.905991,219,5.012491
-57.787481,1000,25.501106
-85.643926,767,40.330307
-7.910743,490,51.086187
-27.791209,914,69.359794
-72.536816,677,82.06773
