#{"t_start": 1718361180.2806947, "env_id": "NewRandomGoalAnt-v2"}
r,l,t
-2.977582,26,1.167777
-22.599559,74,2.516644
-23.228579,1000,23.124148
-77.447129,437,31.860881
11.10325,358,38.385892
-53.818881,577,50.984025
-14.091589,9,51.193342
6.150779,1000,70.982672
-12.76702,11,71.175859
-12.915314,10,71.351187
-8.008907,41,72.074317
