#{"t_start": 1718361180.2806947, "env_id": "NewRandomGoalAnt-v2"}
r,l,t
-2.977582,26,1.167777
-22.599559,74,2.516644
