#{"t_start": 1718361815.8455274, "env_id": "NewRandomGoalAnt-v2"}
r,l,t
-79.254964,1000,6.969115
-15.600764,12,7.039806
-41.604563,31,7.222315
87.740555,967,12.919738
-37.615333,281,14.562021
24.739869,229,15.954547
-4.205995,36,16.161819
-111.306577,1000,22.088725
77.677834,1000,71.451957
-109.388462,1000,77.490065
-22.855614,19,77.60345
-69.56228,296,79.352423
-34.403706,555,82.629905
-42.114309,366,84.783428
