#{"t_start": 1718361180.2858942, "env_id": "NewRandomGoalAnt-v2"}
r,l,t
-14.924606,186,4.27473
-18.532965,11,4.502829
-7.678721,107,6.686253
-86.443277,542,17.799664
-18.329891,1000,37.328467
-63.869678,195,41.444708
-34.090636,523,52.946728
26.354874,1000,72.491608
-9.238407,117,74.769819
