#{"t_start": 1718361815.8492239, "env_id": "NewRandomGoalAnt-v2"}
r,l,t
13.693136,1000,6.965864
-57.55698,1000,12.853283
-80.445796,608,16.462323
-18.645499,55,16.784358
-46.608956,350,18.844942
-67.701473,274,20.469039
-38.169086,189,21.600411
52.062231,454,24.43247
-41.456881,1000,73.733754
-87.066331,499,76.743202
-40.6715,126,77.480712
-46.124606,732,81.800193
-12.558095,75,82.250723
