#{"t_start": 1718361815.8532465, "env_id": "NewRandomGoalAnt-v2"}
r,l,t
-27.519402,243,2.422693
-123.879243,801,7.220879
-56.626439,383,9.481897
-28.113946,26,9.634455
10.578285,878,14.793789
-90.852973,707,18.989351
-59.490886,314,20.866989
58.615619,1000,70.232083
-20.371212,179,71.293928
-133.427741,1000,77.334704
-30.412221,44,77.5963
-10.100862,712,81.79663
