#{"t_start": 1718361180.291484, "env_id": "NewRandomGoalAnt-v2"}
r,l,t
-30.200269,597,12.656808
2.382038,1000,32.842888
-80.114972,622,45.431832
-13.035511,263,51.205562
57.314554,563,62.820889
-34.79444,37,63.543125
-38.077982,1000,82.355683
