#{"t_start": 1718361180.291484, "env_id": "NewRandomGoalAnt-v2"}
r,l,t
-30.200269,597,12.656808
