#{"t_start": 1718361179.9737887, "env_id": "NewRandomGoalAnt-v2"}
r,l,t
-35.27812,1000,21.54318
