#{"t_start": 1718361179.9737887, "env_id": "NewRandomGoalAnt-v2"}
r,l,t
-35.27812,1000,21.54318
-30.741004,495,31.360425
-3.948458,602,43.830791
-55.120128,370,51.275282
-54.902094,494,59.367414
-60.800054,964,78.513789
