#{"t_start": 1718361179.773136, "env_id": "NewRandomGoalAnt-v2"}
r,l,t
-69.654238,1000,21.528144
