#{"t_start": 1718361179.773136, "env_id": "NewRandomGoalAnt-v2"}
r,l,t
-69.654238,1000,21.528144
-45.934302,1000,41.892518
-15.83572,11,42.098348
-27.049382,108,44.20064
8.432428,585,55.137552
-2.276185,219,58.760918
-20.817191,266,63.716867
-19.252515,99,65.635902
