#{"t_start": 1718361179.9253778, "env_id": "NewRandomGoalAnt-v2"}
r,l,t
-20.032488,991,21.186552
