#{"t_start": 1718361179.9305525, "env_id": "NewRandomGoalAnt-v2"}
r,l,t
-17.027902,665,14.496489
