#{"t_start": 1718361179.9305525, "env_id": "NewRandomGoalAnt-v2"}
r,l,t
-17.027902,665,14.496489
-22.319789,533,25.337061
-19.790548,13,25.594673
15.959388,698,39.796377
10.557131,749,54.113726
-10.088955,432,61.667919
-72.677364,1000,81.546694
