#{"t_start": 1718361179.9357696, "env_id": "NewRandomGoalAnt-v2"}
r,l,t
-72.508772,687,14.918436
