#{"t_start": 1718361179.9403944, "env_id": "NewRandomGoalAnt-v2"}
r,l,t
-35.719592,245,6.128436
-18.395577,352,13.072431
-13.805106,11,13.315637
