#{"t_start": 1718361179.9403944, "env_id": "NewRandomGoalAnt-v2"}
r,l,t
-35.719592,245,6.128436
-18.395577,352,13.072431
-13.805106,11,13.315637
-21.57057,496,23.449408
37.017745,907,41.937788
-126.592981,772,56.279992
-16.882596,63,57.293343
-74.39739,891,74.683734
