#{"t_start": 1718361179.9456947, "env_id": "NewRandomGoalAnt-v2"}
r,l,t
51.213309,668,14.547105
-25.075416,17,14.869733
