#{"t_start": 1718361179.9502876, "env_id": "NewRandomGoalAnt-v2"}
r,l,t
-34.220542,213,5.498634
