#{"t_start": 1718361179.9548194, "env_id": "NewRandomGoalAnt-v2"}
r,l,t
-84.644506,533,11.774241
-28.159582,29,12.360267
-41.086093,245,17.302421
-16.279116,16,17.610166
-44.537751,39,18.446766
6.72134,706,32.727259
-27.960445,766,48.418377
-18.527119,10,48.63028
-110.623659,821,63.041028
-36.578954,22,63.498214
