#{"t_start": 1718361179.959759, "env_id": "NewRandomGoalAnt-v2"}
r,l,t
-58.205127,1000,21.346284
14.894328,185,25.048499
-52.448483,881,43.02171
-12.523379,9,43.203775
-44.484505,571,53.85402
-96.928897,360,59.989955
-32.176365,744,74.912937
