#{"t_start": 1718361179.959759, "env_id": "NewRandomGoalAnt-v2"}
r,l,t
-58.205127,1000,21.346284
