#{"t_start": 1718361179.9643478, "env_id": "NewRandomGoalAnt-v2"}
r,l,t
40.442404,1000,21.353971
-57.102009,35,22.028148
