#{"t_start": 1718361179.969199, "env_id": "NewRandomGoalAnt-v2"}
r,l,t
-25.338799,318,7.509837
-48.083253,712,21.928692
-18.084661,53,22.988494
-16.204898,48,23.949803
-70.577375,230,28.398845
-23.738245,40,29.171533
-20.781645,405,37.691665
100.001029,1000,56.647095
-12.92341,9,56.791222
-42.963586,33,57.295362
-8.117833,81,58.667642
-3.77482,802,74.540613
