#{"t_start": 1718361179.969199, "env_id": "NewRandomGoalAnt-v2"}
r,l,t
-25.338799,318,7.509837
-48.083253,712,21.928692
