#{"t_start": 1718361179.78056, "env_id": "NewRandomGoalAnt-v2"}
r,l,t
-33.348038,263,6.619105
-15.028447,11,6.826472
-15.272042,10,7.036936
-59.102247,651,20.177613
