#{"t_start": 1718361179.785117, "env_id": "NewRandomGoalAnt-v2"}
r,l,t
60.725382,1000,21.516981
