#{"t_start": 1718361179.7922835, "env_id": "NewRandomGoalAnt-v2"}
r,l,t
-27.422671,173,4.852077
-48.452295,550,15.789751
