#{"t_start": 1718361179.7989385, "env_id": "NewRandomGoalAnt-v2"}
r,l,t
-21.254179,191,5.231969
-97.861409,689,18.971
