#{"t_start": 1718361179.805155, "env_id": "NewRandomGoalAnt-v2"}
r,l,t
-20.621319,482,10.899242
-19.041274,486,20.83648
85.959121,995,41.069794
-56.902233,1000,59.346826
-3.032721,770,74.741154
-14.020497,9,74.913023
