#{"t_start": 1718361179.805155, "env_id": "NewRandomGoalAnt-v2"}
r,l,t
-20.621319,482,10.899242
-19.041274,486,20.83648
