#{"t_start": 1718361179.8099182, "env_id": "NewRandomGoalAnt-v2"}
r,l,t
-6.142935,25,1.593022
-80.205624,1000,21.9845
