#{"t_start": 1718361179.8099182, "env_id": "NewRandomGoalAnt-v2"}
r,l,t
-6.142935,25,1.593022
-80.205624,1000,21.9845
-31.044023,105,24.078814
-38.133911,227,28.473908
-4.352131,17,28.777924
-20.106518,25,29.286001
19.650551,1000,49.90844
-90.696689,947,66.81038
-46.086348,249,71.997226
-19.648857,107,74.148894
