#{"t_start": 1718361179.8162243, "env_id": "NewRandomGoalAnt-v2"}
r,l,t
-29.759577,1000,21.487312
-15.53987,23,21.941099
