#{"t_start": 1718361179.8210464, "env_id": "NewRandomGoalAnt-v2"}
r,l,t
-37.665736,190,5.190646
