#{"t_start": 1718361179.8210464, "env_id": "NewRandomGoalAnt-v2"}
r,l,t
-37.665736,190,5.190646
-95.550501,1000,25.292657
-50.518584,181,28.689596
-48.108465,1000,49.328951
31.742945,791,63.115952
-13.861605,98,65.034014
-58.656656,376,72.848759
