#{"t_start": 1718344947.4040282, "env_id": "NewRandomGoalAnt-v2"}
r,l,t133.875899,1000,91.03457
29.836513,27,28.784575
43.343644,1000,66.041345
-48.462226,1000,113.400272
-5.382739,22,114.360296
58.771328,1000,153.382479
