#{"t_start": 1718344947.0084558, "env_id": "NewRandomGoalAnt-v2"}
r,l,t
110.550438,1000,36.773485
112.343141,1000,72.862787
-12.844374,1000,122.045715
-10.151715,31,123.238018
-41.456081,1000,161.644425
