#{"t_start": 1718344947.1396883, "env_id": "NewRandomGoalAnt-v2"}
r,l,t
-46.788467,456,15.927074
-16.277303,21,16.641183
77.063093,1000,54.671525
86.602046,992,88.363545
-12.827271,599,124.516549
9.36745,37,125.952517
-32.764055,51,127.921294
-13.517499,11,128.350347
-38.443603,131,133.301159
