#{"t_start": 1718344947.1441185, "env_id": "NewRandomGoalAnt-v2"}
r,l,t
-8.750863,184,6.243881
13.741208,37,7.591715
146.065011,1000,44.732732
54.048317,976,79.840889
-7.355333,20,80.555892
14.22025,1000,130.216514
45.222354,308,141.987367
23.955469,116,146.41156
-52.215219,165,152.738481
