#{"t_start": 1718344947.1487553, "env_id": "NewRandomGoalAnt-v2"}
r,l,t
28.078772,118,3.783199
1.36963,59,5.984973
92.830305,1000,43.015728
-5.375041,102,46.94785
-19.299609,589,68.60679
-1.440024,15,69.084781
29.422922,741,104.243935
-50.101651,1000,145.743866
-12.923468,10,146.135307
-8.279427,388,161.148991
