#{"t_start": 1718344947.1528356, "env_id": "NewRandomGoalAnt-v2"}
r,l,t
10.377554,581,20.594768
79.618044,1000,58.477573
21.956666,679,81.875971
9.197975,491,111.247656
8.36314,1000,150.625767
-18.829203,25,151.577708
29.075894,166,157.968526
