#{"t_start": 1718344947.1570601, "env_id": "NewRandomGoalAnt-v2"}
r,l,t
-52.545761,923,33.590291
-26.22503,590,55.880455
-31.943741,219,63.747648
-112.689051,505,81.144951
-10.687932,16,81.656863
-2.311075,15,82.103483
10.288087,196,88.198803
-10.145573,191,106.262432
118.898966,1000,146.933939
-52.036062,367,161.148872
