#{"t_start": 1718344947.1609592, "env_id": "NewRandomGoalAnt-v2"}
r,l,t
86.884175,813,29.253585
-18.867762,151,35.377196
-3.912833,53,37.298594
-11.380212,1000,73.331103
-29.681062,379,86.201219
-6.405187,21,86.815971
-31.363393,233,105.939914
-76.696886,953,144.924517
-22.315573,147,150.5679
