#{"t_start": 1718344947.1648707, "env_id": "NewRandomGoalAnt-v2"}
r,l,t
44.401081,683,24.380986
-103.018924,704,51.047908
44.008619,308,62.429368
-8.185607,17,63.015454
71.178491,1000,109.553835
-51.1162,400,126.211152
57.218342,589,148.698915
-6.469027,9,149.046186
