#{"t_start": 1718344947.1691637, "env_id": "NewRandomGoalAnt-v2"}
r,l,t
-53.133028,197,6.704851
-23.823678,1000,43.765883
0.314279,167,50.275851
-16.335311,8,50.547588
-16.41679,922,82.829877
-13.060888,11,83.201244
-34.752662,1000,133.567332
