#{"t_start": 1718344947.1732821, "env_id": "NewRandomGoalAnt-v2"}
r,l,t
-43.969042,542,19.040573
-2.656148,20,19.81147
72.271531,600,42.473583
2.751415,382,57.034222
23.831913,1000,99.704581
79.944365,700,131.208273
24.439803,244,140.566242
-37.096778,331,153.220067
14.99753,98,156.994145
-8.422094,12,157.431361
