#{"t_start": 1718344947.1775358, "env_id": "NewRandomGoalAnt-v2"}
r,l,t
-11.804765,22,1.02055
13.221262,73,3.001902
-5.985933,59,5.144372
-46.306636,414,20.069825
-48.953658,442,37.006881
56.626334,1000,73.075852
-93.646633,1000,122.27622
-12.281426,201,129.977791
