#{"t_start": 1718344947.0129218, "env_id": "NewRandomGoalAnt-v2"}
r,l,t
-112.950724,1000,36.769711
22.792752,1000,72.859892
-29.574347,169,78.957798
82.533292,1000,128.55568
