#{"t_start": 1718344947.189677, "env_id": "NewRandomGoalAnt-v2"}
r,l,t
61.75155,519,18.123267
9.081326,1000,56.082886
40.867189,160,61.798652
24.059664,1000,107.818727
-31.470643,324,121.997378
-86.240366,906,156.670452
