#{"t_start": 1718344947.206077, "env_id": "NewRandomGoalAnt-v2"}
r,l,t
-0.977066,243,8.320377
-15.208625,9,8.630686
42.247885,1000,45.852141
-53.612228,1000,81.5893
15.566922,132,85.795958
-11.032472,337,109.895118
-24.900618,395,126.337717
11.954372,300,137.766615
