#{"t_start": 1718344947.2100039, "env_id": "NewRandomGoalAnt-v2"}
r,l,t
-8.517238,1000,36.591308
34.416973,1000,72.689176
-15.23016,98,76.192063
-4.786822,10,76.490853
3.285558,1000,126.007826
15.473512,135,131.138637
-11.176327,54,133.203081
-10.289858,15,133.880324
-32.761552,58,136.121307
