#{"t_start": 1718344947.2152448, "env_id": "NewRandomGoalAnt-v2"}
r,l,t
1.968348,592,20.951213
-54.848598,532,41.222867
56.70555,1000,77.037331
-51.704414,410,99.303389
93.910814,1000,142.27253
-48.039444,205,150.117317
-58.061491,132,155.202659
14.073651,183,162.353385
