#{"t_start": 1718344947.2202935, "env_id": "NewRandomGoalAnt-v2"}
r,l,t
10.836682,1000,36.585893
-23.608234,112,40.786083
66.674754,1000,76.635772
-1.104681,489,102.571858
22.653863,28,104.540377
-165.120528,1000,145.883382
-1.047099,24,146.802634
-14.243807,305,158.548377
