#{"t_start": 1718344947.0170543, "env_id": "NewRandomGoalAnt-v2"}
r,l,t
62.951652,1000,36.766239
53.759784,1000,72.857158
-47.338518,387,86.068125
-11.527824,21,86.696275
-15.47529,10,86.977904
99.707843,1000,138.014672
