#{"t_start": 1718344947.2474995, "env_id": "NewRandomGoalAnt-v2"}
r,l,t
-5.903153,850,30.557737
96.974401,388,45.278048
-22.069161,613,67.838501
-29.933404,766,103.666291
45.836896,453,124.504525
-6.614801,10,124.874109
5.247897,1000,163.252748
