#{"t_start": 1718344947.2530575, "env_id": "NewRandomGoalAnt-v2"}
r,l,t
54.462643,1000,36.555419
-24.840853,347,49.57741
-74.853628,1000,84.528239
5.059081,245,101.891572
2.094582,669,131.820227
31.605288,242,141.065499
