#{"t_start": 1718344947.021224, "env_id": "NewRandomGoalAnt-v2"}
r,l,t
68.97042,1000,36.762744
4.766154,141,41.937763
-13.154944,20,42.571448
-21.423464,17,43.174184
-0.071717,27,44.220173
35.318921,941,78.141051
-19.605019,16,78.704608
84.630136,1000,128.261724
39.474005,611,151.58622
