#{"t_start": 1718344947.0260813, "env_id": "NewRandomGoalAnt-v2"}
r,l,t
5.807438,270,9.417757
-7.471219,10,9.765636
26.925882,187,16.425115
-50.254001,276,26.733984
-10.614872,20,27.460667
36.254378,143,32.995414
36.416372,1000,69.987374
-22.686981,232,77.833621
-48.254085,1000,127.33735
5.518696,553,148.443432
-21.794716,76,151.349644
