#{"t_start": 1718344947.0302434, "env_id": "NewRandomGoalAnt-v2"}
r,l,t
-6.299248,215,7.492497
-18.033684,16,8.070114
-117.285708,1000,45.218271
1.101884,140,50.66068
-59.563081,852,80.862108
-5.035944,10,81.14809
26.827648,190,87.119377
-10.103886,11,87.454766
6.527268,401,115.013433
-112.80375,1000,153.979391
1.015506,59,156.244253
-10.03319,40,157.768702
