#{"t_start": 1718344947.0346942, "env_id": "NewRandomGoalAnt-v2"}
r,l,t
-3.311592,1000,36.750334
35.73587,1000,72.845291
-12.633452,10,73.20453
-47.077016,811,114.418001
46.722187,347,128.49803
-23.473826,125,133.220935
-20.548226,12,133.694571
