#{"t_start": 1718344947.0388434, "env_id": "NewRandomGoalAnt-v2"}
r,l,t
74.196903,1000,36.746773
-9.522771,12,37.214445
-29.184418,213,44.983281
17.27266,127,49.981073
-28.335199,1000,84.893049
20.647858,495,115.492266
2.717829,1000,154.439514
