#{"t_start": 1718344947.0432196, "env_id": "NewRandomGoalAnt-v2"}
r,l,t
42.118753,561,19.89853
-47.106321,1000,57.82071
25.669159,29,58.938448
-81.241542,432,73.62161
0.238489,310,84.204065
39.741385,330,106.84075
98.96515,1000,147.320375
