#{"t_start": 1718361177.7634752, "env_id": "NewRandomGoalAnt-v2"}
r,l,t
-97.046657,767,12.729246
-31.974614,1000,30.955026
-21.89096,601,42.624111
-39.526894,174,45.809648
-15.24721,794,61.219764
