#{"t_start": 1718361177.7634752, "env_id": "NewRandomGoalAnt-v2"}
r,l,t
-97.046657,767,12.729246
