#{"t_start": 1718361814.0479994, "env_id": "NewRandomGoalAnt-v2"}
r,l,t
-126.442998,650,5.001351
41.913734,515,8.046311
12.883451,792,12.704218
50.280675,486,15.563162
98.05412,867,20.657118
14.835303,88,21.174679
-5.698567,11,21.241782
-29.969974,271,22.862938
48.677524,1000,72.246758
30.442533,1000,78.304269
-59.04419,1000,84.235077
4.131038,535,87.380968
