#{"t_start": 1718361177.5983622, "env_id": "NewRandomGoalAnt-v2"}
r,l,t
-91.847082,592,9.98665
19.745738,964,26.53847
35.769899,242,31.643017
-31.309931,447,40.78919
26.025995,514,50.386592
12.061596,504,59.918372
