#{"t_start": 1718361177.716319, "env_id": "NewRandomGoalAnt-v2"}
r,l,t
27.390574,152,1.790947
30.346257,944,17.271067
-39.894849,456,26.353121
-3.96403,632,39.458363
43.595917,1000,58.299534
-8.346539,10,58.481566
-129.102794,862,75.111616
-18.094559,27,75.585385
