#{"t_start": 1718361177.716319, "env_id": "NewRandomGoalAnt-v2"}
r,l,t
27.390574,152,1.790947
30.346257,944,17.271067
