#{"t_start": 1718361814.0001848, "env_id": "NewRandomGoalAnt-v2"}
r,l,t
31.365168,247,2.412386
68.261673,1000,8.413512
-6.988524,13,8.48913
-33.160968,715,12.693713
28.678659,213,13.957876
-37.378516,1000,19.832693
-54.381105,1000,67.702006
19.850237,1000,75.174535
-111.303156,1000,81.212294
113.183762,1000,87.107474
