#{"t_start": 1718361177.7215993, "env_id": "NewRandomGoalAnt-v2"}
r,l,t
20.785268,746,12.342677
-2.822526,69,13.316158
123.467663,1000,31.858303
-39.324048,35,32.612773
-1.081125,251,37.841208
-63.476724,1000,56.85625
