#{"t_start": 1718361814.0053835, "env_id": "NewRandomGoalAnt-v2"}
r,l,t
67.357157,1000,6.945393
-51.828883,1000,12.837648
-6.430696,18,12.951903
-10.841526,10,13.009807
76.559609,857,18.044068
105.248585,1000,23.957657
-34.726422,1000,73.33488
93.611631,1000,79.409094
86.309317,582,82.862972
-30.702828,753,87.289669
