#{"t_start": 1718361177.7215993, "env_id": "NewRandomGoalAnt-v2"}
r,l,t
20.785268,746,12.342677
-2.822526,69,13.316158
