#{"t_start": 1718361177.727094, "env_id": "NewRandomGoalAnt-v2"}
r,l,t
7.436434,657,11.11236
7.393016,529,18.799562
142.941911,1000,39.484782
-20.15209,46,40.445879
-40.686885,205,43.753808
-4.715532,42,44.508419
135.949576,1000,63.837813
