#{"t_start": 1718361177.727094, "env_id": "NewRandomGoalAnt-v2"}
r,l,t
7.436434,657,11.11236
7.393016,529,18.799562
