#{"t_start": 1718361814.010794, "env_id": "NewRandomGoalAnt-v2"}
r,l,t
97.157859,569,4.368872
-13.010522,11,4.446119
88.452566,1000,10.371093
-67.566063,508,13.356602
-5.942149,105,13.97779
94.921278,618,17.606791
-15.168796,17,17.705402
8.24876,292,19.429244
-7.891722,15,19.515225
7.982257,81,19.983464
23.637026,1000,67.976864
-58.909627,480,72.213743
16.027817,93,72.759812
61.050946,443,75.452786
-77.353856,1000,81.461802
3.097175,114,82.134776
3.716341,310,83.968584
