#{"t_start": 1718361177.7320054, "env_id": "NewRandomGoalAnt-v2"}
r,l,t
-38.565892,100,1.223742
111.549637,1000,17.328867
128.108212,952,36.865328
22.676942,196,40.699635
-101.970358,460,49.199184
5.014774,1000,68.364528
-14.256666,27,68.888192
5.895778,159,72.048912
