#{"t_start": 1718361177.7320054, "env_id": "NewRandomGoalAnt-v2"}
r,l,t
-38.565892,100,1.223742
111.549637,1000,17.328867
