#{"t_start": 1718361814.0155747, "env_id": "NewRandomGoalAnt-v2"}
r,l,t
-2.723945,431,3.463487
56.010982,1000,9.482807
-28.638992,310,11.310358
-32.437669,887,16.50758
-110.61109,738,20.854697
-7.940386,1000,69.524445
3.097779,187,71.177636
-20.083973,58,71.62123
8.421829,241,73.12817
19.516829,386,75.487269
62.375133,1000,81.493854
15.483893,729,85.789416
15.414021,149,86.665497
