#{"t_start": 1718361177.7371712, "env_id": "NewRandomGoalAnt-v2"}
r,l,t
10.513141,1000,15.548667
