#{"t_start": 1718361177.7371712, "env_id": "NewRandomGoalAnt-v2"}
r,l,t
10.513141,1000,15.548667
25.949815,560,26.475112
-62.655332,249,31.722208
65.376185,822,47.570769
84.893758,932,65.433838
