#{"t_start": 1718361814.0254335, "env_id": "NewRandomGoalAnt-v2"}
r,l,t
-74.47734,968,6.737558
-0.984351,68,7.147752
-19.73086,11,7.213378
65.669909,1000,13.102444
-23.838422,272,14.696016
32.663597,569,18.043681
-98.249042,1000,23.956544
-2.019223,117,24.652822
50.086569,1000,74.028375
-56.075428,1000,80.102233
-9.873223,10,80.162683
-26.530432,985,85.976022
