#{"t_start": 1718361177.742144, "env_id": "NewRandomGoalAnt-v2"}
r,l,t
-91.460943,923,14.788657
-5.282398,197,17.656163
-9.151024,10,17.819587
62.514386,1000,38.389997
42.65548,229,42.393208
-97.491297,1000,61.512939
-5.53072,391,69.141791
