#{"t_start": 1718361177.742144, "env_id": "NewRandomGoalAnt-v2"}
r,l,t
-91.460943,923,14.788657
-5.282398,197,17.656163
-9.151024,10,17.819587
