#{"t_start": 1718361177.7470243, "env_id": "NewRandomGoalAnt-v2"}
r,l,t
72.697705,1000,15.551142
