#{"t_start": 1718361177.7470243, "env_id": "NewRandomGoalAnt-v2"}
r,l,t
72.697705,1000,15.551142
-3.401318,904,33.873211
-68.362759,307,39.961578
20.595482,656,52.220471
-6.25844,31,52.773379
116.407562,1000,72.117988
