#{"t_start": 1718361814.0301964, "env_id": "NewRandomGoalAnt-v2"}
r,l,t
27.255269,440,3.515646
42.491026,445,6.240974
34.533402,551,9.49862
-74.868747,445,12.117874
-25.094733,23,12.250417
-12.201464,21,12.373185
17.545748,192,13.506926
-116.949801,1000,19.392288
92.843917,1000,66.892777
-12.98187,10,67.018617
41.006374,1000,74.757709
-75.672816,775,79.487692
96.899427,987,85.311744
