#{"t_start": 1718361177.7519608, "env_id": "NewRandomGoalAnt-v2"}
r,l,t
23.781938,305,4.557962
-82.501175,614,14.711241
-14.854766,68,15.406937
-7.219709,9,15.478887
-10.607248,208,19.111001
