#{"t_start": 1718361177.755697, "env_id": "NewRandomGoalAnt-v2"}
r,l,t
54.19303,1000,15.543237
-21.444422,16,15.852963
-6.460532,225,19.733374
-15.91238,61,20.958317
