#{"t_start": 1718361814.0400987, "env_id": "NewRandomGoalAnt-v2"}
r,l,t
-41.343803,1000,6.91266
-17.190644,164,7.886549
7.717392,695,11.978613
-29.558845,25,12.125424
166.615714,1000,18.002341
69.511831,558,21.282524
78.279549,1000,70.195126
-0.602419,110,71.144851
41.959041,1000,77.387979
-41.704605,325,79.325704
6.501749,909,84.69639
