#{"t_start": 1718361177.7596955, "env_id": "NewRandomGoalAnt-v2"}
r,l,t
-26.091481,1000,15.539805
-30.447302,266,20.233436
7.454678,91,22.088097
