#{"t_start": 1718361177.7596955, "env_id": "NewRandomGoalAnt-v2"}
r,l,t
-26.091481,1000,15.539805
-30.447302,266,20.233436
7.454678,91,22.088097
1.792848,306,28.71706
-109.915074,752,43.257656
-21.55802,41,44.068091
32.637097,371,51.47086
15.181236,1000,70.681654
