#{"t_start": 1718361814.0442448, "env_id": "NewRandomGoalAnt-v2"}
r,l,t
13.39737,417,3.346141
54.870766,1000,9.374259
-87.575718,770,13.90995
-51.350058,921,19.322372
95.537639,1000,66.765429
50.934009,407,70.822752
-21.35626,83,71.490733
-139.464029,1000,77.654349
-12.405353,17,77.756175
-105.260625,1000,83.686896
8.409902,74,84.129086
