#{"t_start": 1718361177.6022704, "env_id": "NewRandomGoalAnt-v2"}
r,l,t
-30.428558,198,2.466651
70.27625,847,16.553498
12.396886,990,36.650319
-2.064731,1000,55.764927
-55.756812,442,63.909321
10.646853,334,70.547664
25.97232,221,74.832172
