#{"t_start": 1718361177.6022704, "env_id": "NewRandomGoalAnt-v2"}
r,l,t
-30.428558,198,2.466651
70.27625,847,16.553498
