#{"t_start": 1718361813.8909078, "env_id": "NewRandomGoalAnt-v2"}
r,l,t
-26.489709,347,3.083472
-32.350953,259,4.729539
49.725288,1000,10.648063
-23.430133,66,11.030715
11.53427,1000,16.886165
-35.060859,679,20.89005
123.560535,935,68.844281
19.762574,371,72.088966
-7.910505,325,74.023656
-30.475483,359,76.260352
-121.442738,639,80.082966
-97.489529,655,83.958779
-22.251758,223,85.26433
