#{"t_start": 1718361177.6058545, "env_id": "NewRandomGoalAnt-v2"}
r,l,t
-18.203542,165,2.008783
-6.643406,119,4.293844
-161.53274,1000,20.766941
-10.96892,31,21.359835
-6.703902,56,22.534307
66.933399,774,38.805068
-67.791344,289,43.807992
-14.443949,496,53.634697
41.938319,1000,72.888209
