#{"t_start": 1718361813.8945892, "env_id": "NewRandomGoalAnt-v2"}
r,l,t
-2.547658,59,1.335824
-124.021057,1000,7.411531
-15.376558,510,10.422245
13.871769,961,16.057469
-41.435294,1000,21.953346
-23.177102,591,67.076661
-21.540287,259,69.777065
-18.93217,244,71.831654
-17.043568,52,72.21138
89.004831,787,76.999938
-117.355561,1000,82.948755
-11.760985,9,83.001461
