#{"t_start": 1718361177.6095839, "env_id": "NewRandomGoalAnt-v2"}
r,l,t
163.700457,1000,15.67232
