#{"t_start": 1718361177.6095839, "env_id": "NewRandomGoalAnt-v2"}
r,l,t
163.700457,1000,15.67232
-87.032212,536,26.136001
-18.368082,211,30.605876
111.964563,523,41.242412
161.721545,1000,60.050025
-15.324264,328,66.245264
-5.446128,15,66.515899
-9.431277,43,67.396634
