#{"t_start": 1718361813.898256, "env_id": "NewRandomGoalAnt-v2"}
r,l,t
165.06404,1000,7.050812
-35.071844,1000,12.943295
-95.406638,1000,18.827455
54.924683,940,24.388935
-25.738345,714,72.059548
-28.316572,213,73.33637
111.717467,614,77.102905
34.485438,226,78.450333
85.211982,1000,84.376098
