#{"t_start": 1718361177.6135783, "env_id": "NewRandomGoalAnt-v2"}
r,l,t
30.618703,152,1.89182
-14.12785,12,1.991848
-10.945407,77,3.373562
-16.102857,10,3.624784
-5.853486,15,3.939808
-0.745211,1000,20.375972
