#{"t_start": 1718361813.9021518, "env_id": "NewRandomGoalAnt-v2"}
r,l,t
119.197205,1000,7.047359
-37.96345,34,7.257001
-27.475559,101,7.841426
-1.245046,12,7.913236
-11.486594,9,7.973866
-29.720706,1000,13.859106
-5.442873,24,14.007591
67.197237,613,17.605247
12.583411,527,20.698886
-36.18709,883,67.95263
92.32849,475,72.216428
11.864193,139,73.036602
-74.15465,1000,79.097448
-56.024328,508,82.117952
-11.203504,117,82.820208
-8.430969,25,82.964915
