#{"t_start": 1718361813.9056668, "env_id": "NewRandomGoalAnt-v2"}
r,l,t
62.612957,578,4.53725
-23.898002,130,5.327004
-119.335331,1000,11.223531
18.962307,225,12.542385
-90.801629,544,15.740804
-21.130615,448,18.379323
-102.18178,1000,24.292219
-7.366556,1000,73.66673
-28.679967,226,75.027965
93.00438,1000,81.086026
-67.453801,567,84.433569
