#{"t_start": 1718361177.6172059, "env_id": "NewRandomGoalAnt-v2"}
r,l,t
69.305251,1000,15.665593
-54.201371,212,19.354271
