#{"t_start": 1718361177.6172059, "env_id": "NewRandomGoalAnt-v2"}
r,l,t
69.305251,1000,15.665593
-54.201371,212,19.354271
-37.451858,256,24.716186
-27.454201,33,25.416106
-22.97552,261,30.836379
-151.359215,1000,50.439332
9.376979,234,54.958622
-50.356435,381,61.964608
-14.311284,11,62.169894
