#{"t_start": 1718361177.6213036, "env_id": "NewRandomGoalAnt-v2"}
r,l,t
65.302558,638,10.887977
-40.321565,329,15.336637
-2.885705,584,26.419366
-35.31989,1000,45.974893
39.547753,509,56.176382
-21.098548,135,58.595944
-80.452066,365,65.491721
-40.200716,32,66.112752
-35.742428,29,66.634021
28.121646,111,68.931315
-23.257576,165,72.22429
-3.372234,16,72.536121
