#{"t_start": 1718361177.6213036, "env_id": "NewRandomGoalAnt-v2"}
r,l,t
65.302558,638,10.887977
-40.321565,329,15.336637
