#{"t_start": 1718361813.9128916, "env_id": "NewRandomGoalAnt-v2"}
r,l,t
113.91443,653,4.989652
25.152199,238,6.39233
-24.116719,223,7.711332
9.675101,1000,13.604536
-26.948158,123,14.328727
-51.472679,1000,20.205031
14.249584,238,21.60963
-85.322616,1000,70.605737
-1.971076,182,72.068242
-46.021788,313,73.925049
101.367124,1000,80.002173
-23.188092,935,85.524403
