#{"t_start": 1718361177.625009, "env_id": "NewRandomGoalAnt-v2"}
r,l,t
8.136967,1000,15.658628
-5.94006,23,16.120393
-5.713175,188,19.333821
-55.710341,127,21.792279
-86.094628,1000,42.241436
-19.569686,248,46.792847
-34.218427,1000,65.986844
-8.495317,21,66.404458
