#{"t_start": 1718361177.625009, "env_id": "NewRandomGoalAnt-v2"}
r,l,t
8.136967,1000,15.658628
-5.94006,23,16.120393
-5.713175,188,19.333821
-55.710341,127,21.792279
