#{"t_start": 1718361177.6291451, "env_id": "NewRandomGoalAnt-v2"}
r,l,t
124.537734,1000,15.655066
-48.94765,611,27.692937
36.892629,971,46.712494
-51.954111,493,56.462481
-33.043268,575,67.260071
