#{"t_start": 1718361813.9166594, "env_id": "NewRandomGoalAnt-v2"}
r,l,t
-20.731816,532,4.218519
-31.324062,187,5.381814
-16.953438,34,5.586494
-4.144392,11,5.652115
9.605632,411,8.072932
1.622891,12,8.141507
24.764148,1000,14.035478
11.932279,1000,19.908834
-6.004769,23,20.043721
-55.279386,797,24.77242
8.40535,1000,74.14852
-24.400081,20,74.265971
77.008855,1000,80.338994
15.364055,364,82.494887
-69.203456,567,85.834992
-6.159882,9,85.887367
