#{"t_start": 1718361177.6291451, "env_id": "NewRandomGoalAnt-v2"}
r,l,t
124.537734,1000,15.655066
