#{"t_start": 1718347343.3801782, "env_id": "NewRandomGoalAnt-v2"}
r,l,t
12.917367,1000,71.944884

-48.419567,299,13.443656
64.795683,1000,22.530328
99.23855,1000,30.405543
-25.752999,904,66.870856
-14.176724,17,66.94739
152.795586,967,79.996513
-5.857505,1000,87.22469
25.93785,1000,94.410519
12.746755,307,96.790833
-29.974877,192,98.579657
