#{"t_start": 1718347343.202209, "env_id": "NewRandomGoalAnt-v2"}
r,l,t
-33.905991,219,3.115464
-57.787481,1000,12.841132
-85.643926,767,19.069652
-7.910743,490,23.916206
-27.791209,914,30.946696
-72.536816,677,35.656636
-1.559957,670,69.252887
-51.572686,169,70.019041
-14.059191,9,70.06061
-13.910319,23,70.164718
-61.551028,1000,85.183873
-66.104217,533,89.426049
-31.402814,522,92.967546
-21.249983,1000,101.6094
-15.381857,68,102.205451
