#{"t_start": 1718345965.3097088, "env_id": "NewRandomGoalAnt-v2"}
r,l,t
57.922294,465,6.389572
26.477201,1000,18.023093
-2.636888,154,19.696914
115.00466,580,26.042539
-12.573664,108,27.283282
-27.278049,33,27.663459
89.412741,458,43.376913
6.040283,253,47.699813
138.546488,1000,64.428843
29.027768,460,122.813373
46.474143,975,147.516649
20.565805,351,150.755924
177.25682,1000,159.441933
-22.466888,237,162.78516
-0.122001,38,163.308652
15.022373,1000,187.047589
-4.580102,375,256.329323
-5.44494,16,256.558554
-5.077434,42,257.132629
-10.775453,12,257.299451
-39.097407,263,260.996782
-6.106748,11,261.149735
9.30991,276,265.057322
-35.560525,36,265.55479
86.008914,1000,280.149819
34.926227,1000,295.317466
-152.729694,1000,309.329315
-14.573407,173,365.695795
-12.79619,84,366.585816
11.453262,958,385.070539
-2.454588,36,385.448078
-14.468268,372,389.327321
136.027694,893,397.099592
78.929727,1000,414.730007
90.129579,1000,460.118004
21.512637,265,462.22071
40.147975,1000,473.033479
8.846967,232,476.073847
-58.85647,627,484.240727
36.692044,795,493.264966
-7.819497,45,493.864437
-10.423115,10,494.002172
39.61816,249,496.280162
0.04614,119,504.27351
201.560063,1000,548.573168
-49.569408,341,552.090121
102.239009,1000,562.327176
58.838152,588,576.382922
-54.069293,310,579.655246
67.495264,375,583.56007
-1.132345,756,591.508579
146.90065,1000,642.512102
-15.822989,42,642.960621
15.541855,499,647.585776
-40.492094,181,649.125366
78.669842,388,652.345188
-6.944948,25,652.551485
96.306629,685,660.918779
105.487299,658,677.510536
65.430657,284,679.802562
25.565991,250,681.776294
97.7521,512,730.44439
32.78984,616,736.455062
-4.040771,25,736.702272
71.033645,709,751.559665
