#{"t_start": 1718361180.8473234, "env_id": "NewRandomGoalAnt-v2"}
r,l,t
17.43631,309,7.165482
32.867252,1000,26.213425
-39.759408,358,31.873291
0.614266,15,32.130565
113.031115,1000,51.428435
-12.873142,10,51.57532
-96.864356,1000,67.392407
-10.195316,60,68.503633
-9.445601,9,68.699654
-38.119293,517,173.741063
