#{"t_start": 1718361180.7971187, "env_id": "NewRandomGoalAnt-v2"}
r,l,t
-89.06512,615,13.329388
-25.476316,320,19.571434
-7.915156,503,28.149389
-129.834358,1000,46.652141
83.063417,1000,62.964506
