#{"t_start": 1718361180.8024726, "env_id": "NewRandomGoalAnt-v2"}
r,l,t
-20.319019,955,20.010428
-66.468671,363,26.214002
-69.069253,370,32.074295
-13.126833,10,32.304161
-10.608843,11,32.524797
-7.093411,33,33.185528
63.713294,508,43.237286
-52.912927,1000,60.475632
-4.685527,14,60.66718
48.151995,1000,173.291634
