#{"t_start": 1718361180.8079076, "env_id": "NewRandomGoalAnt-v2"}
r,l,t
-37.115425,153,3.598765
-29.909866,497,14.019743
-98.499632,1000,31.38761
-58.847187,1000,50.635936
82.639308,1000,66.479691
-17.955133,231,70.724804
16.828072,181,73.122742
