#{"t_start": 1718361180.8126867, "env_id": "NewRandomGoalAnt-v2"}
r,l,t
-20.266875,485,10.681598
23.577073,701,23.911108
-11.143584,10,24.068762
4.071839,1000,42.153019
-39.12436,579,52.977606
55.09243,1000,68.825888
-64.628586,384,170.887085
