#{"t_start": 1718361180.8178217, "env_id": "NewRandomGoalAnt-v2"}
r,l,t
-48.710647,239,5.606992
-65.679333,821,21.727657
-27.384116,1000,39.513185
-37.425849,91,41.229782
73.413865,1000,58.887414
