#{"t_start": 1718361180.8229709, "env_id": "NewRandomGoalAnt-v2"}
r,l,t
-2.017685,895,18.895027
-4.552701,1000,36.231937
-16.100465,13,36.503361
-46.641724,1000,55.274425
-60.070986,298,59.704463
-7.702165,10,59.904496
1.632018,285,64.002967
-32.867317,118,65.938863
