#{"t_start": 1718361180.8326879, "env_id": "NewRandomGoalAnt-v2"}
r,l,t
-100.608695,531,11.641161
-88.640457,738,25.288072
-77.888548,498,33.67602
-4.833264,9,33.886246
-30.942887,35,34.587628
-29.57269,400,42.426718
3.683467,28,42.981734
3.770815,170,46.127267
-15.708305,10,46.292225
8.135322,1000,62.606906
-24.448319,190,65.76896
