#{"t_start": 1718361180.8373938, "env_id": "NewRandomGoalAnt-v2"}
r,l,t
-91.110933,979,20.32577
-49.688261,1000,38.031351
-89.307726,575,48.714831
-40.899363,268,53.873276
-7.12906,94,55.337967
-73.172168,511,62.765163
73.146731,620,72.895849
