#{"t_start": 1718361180.8424416, "env_id": "NewRandomGoalAnt-v2"}
r,l,t
-9.10647,1000,20.635534
-7.286221,14,20.891057
-72.361885,1000,38.65898
-30.918127,743,52.616386
-5.830806,933,67.14106
