#{"t_start": 1718361180.6536646, "env_id": "NewRandomGoalAnt-v2"}
r,l,t
14.185132,1000,20.813804
-53.971527,371,27.215008
10.09942,1000,45.589677
31.091269,1000,61.945466
