#{"t_start": 1718361180.6585202, "env_id": "NewRandomGoalAnt-v2"}
r,l,t
-74.450006,258,6.154688
-152.317277,1000,25.254884
-48.456728,752,38.76563
-15.722341,10,38.927696
-25.914532,139,41.543027
-13.051107,305,47.233022
-38.451423,378,54.43593
91.911167,1000,70.177961
