#{"t_start": 1718361180.6634808, "env_id": "NewRandomGoalAnt-v2"}
r,l,t
-28.685343,142,3.516274
-15.496602,24,4.015691
38.106035,499,14.485353
-35.752211,323,20.618133
-70.6549,318,26.119931
-10.057084,21,26.503513
18.586262,1000,44.826123
83.097874,1000,61.370448
