#{"t_start": 1718361180.6686995, "env_id": "NewRandomGoalAnt-v2"}
r,l,t
-5.192372,111,2.959973
-12.218564,9,3.11255
-27.460625,162,6.652766
-11.046924,11,6.83429
-4.808684,597,18.959996
7.142844,179,22.027122
-6.059692,12,22.232877
-27.737334,399,29.004494
9.533458,513,38.393282
65.431424,583,49.324912
-29.480461,328,55.36588
-13.082725,32,55.788849
10.739106,1000,71.732687
-110.04605,451,175.917619
-15.012513,23,176.412162
-14.405118,158,179.903443
-12.338824,10,180.056
