#{"t_start": 1718361180.673444, "env_id": "NewRandomGoalAnt-v2"}
r,l,t
-12.578801,34,1.48351
-84.965745,384,9.353045
13.103755,1000,27.953342
-59.680221,441,35.688163
-22.985058,42,36.510184
-161.029606,1000,55.334795
-91.534831,776,67.07248
4.428896,73,68.419549
-21.855156,134,70.906744
