#{"t_start": 1718361180.6786585, "env_id": "NewRandomGoalAnt-v2"}
r,l,t
-118.060766,1000,20.790352
-90.776609,770,33.909581
-11.956501,1000,53.02889
-32.763155,496,60.810104
-38.214551,194,63.454273
8.234215,24,63.850631
-12.069923,11,64.038604
-48.984051,370,70.594573
-26.08211,427,173.974624
