#{"t_start": 1718361180.6884377, "env_id": "NewRandomGoalAnt-v2"}
r,l,t
52.011011,1000,20.781447
55.539583,847,35.432374
-13.008197,9,35.615935
-21.697927,284,41.1623
-3.69589,731,54.892959
36.042445,533,62.519433
-10.912927,29,62.995608
-8.668489,419,70.349123
