#{"t_start": 1718361178.9392607, "env_id": "NewRandomGoalAnt-v2"}
r,l,t23.540982,1000,20.566755
