#{"t_start": 1718361178.9392607, "env_id": "NewRandomGoalAnt-v2"}
r,l,t23.540982,1000,20.566755
-83.899663,1000,40.718709
104.138967,1000,61.340153
30.731247,1000,79.671735
