#{"t_start": 1718361178.7507668, "env_id": "NewRandomGoalAnt-v2"}
r,l,t
-30.81656,144,3.809999
107.956934,525,13.874429
