#{"t_start": 1718361178.8940392, "env_id": "NewRandomGoalAnt-v2"}
r,l,t
5.273022,256,5.875102
-69.1668,907,23.706991
-2.45866,16,24.01612
115.060074,1000,44.009842
19.356077,198,47.94107
-4.599124,1000,69.089919
