#{"t_start": 1718361178.8982506, "env_id": "NewRandomGoalAnt-v2"}
r,l,t
51.29179,432,9.230212
38.721215,671,22.546039
