#{"t_start": 1718361178.9111865, "env_id": "NewRandomGoalAnt-v2"}
r,l,t
-13.412055,561,11.673516
