#{"t_start": 1718361178.9111865, "env_id": "NewRandomGoalAnt-v2"}
r,l,t
-13.412055,561,11.673516
48.63186,697,25.554068
-60.226945,307,31.812071
58.310205,1000,51.793583
-13.067505,21,52.248787
-22.214557,91,54.217033
18.588151,416,63.270046
28.420325,414,71.364862
-0.180506,52,72.211946
-5.851214,139,74.582271
