#{"t_start": 1718361178.9156942, "env_id": "NewRandomGoalAnt-v2"}
r,l,t
94.964772,613,12.660644
-8.964398,10,12.857913
