#{"t_start": 1718361178.9156942, "env_id": "NewRandomGoalAnt-v2"}
r,l,t
94.964772,613,12.660644
-8.964398,10,12.857913
81.198392,1000,32.978097
10.537798,1000,53.049723
1.989912,654,67.013413
-9.595689,110,69.277642
-12.193251,52,70.280037
