#{"t_start": 1718361178.9201334, "env_id": "NewRandomGoalAnt-v2"}
r,l,t
1.001877,59,1.749196
70.475445,732,16.133569
15.318119,708,30.467111
76.382534,1000,50.427581
15.633526,1000,71.209115
