#{"t_start": 1718361178.9201334, "env_id": "NewRandomGoalAnt-v2"}
r,l,t
1.001877,59,1.749196
70.475445,732,16.133569
