#{"t_start": 1718361178.9251418, "env_id": "NewRandomGoalAnt-v2"}
r,l,t
-45.717945,1000,20.404498
-0.611381,128,22.996925
