#{"t_start": 1718361178.929798, "env_id": "NewRandomGoalAnt-v2"}
r,l,t
-8.799949,53,1.600832
-4.80568,13,1.885817
23.837518,1000,21.767191
