#{"t_start": 1718361178.9346566, "env_id": "NewRandomGoalAnt-v2"}
r,l,t
113.767313,1000,20.395777
-15.606878,14,20.695498
-20.860716,1000,40.785588
-106.260067,1000,61.44984
-87.221013,674,74.39886
