#{"t_start": 1718361178.9346566, "env_id": "NewRandomGoalAnt-v2"}
r,l,t
113.767313,1000,20.395777
-15.606878,14,20.695498
