#{"t_start": 1718361178.7604606, "env_id": "NewRandomGoalAnt-v2"}
r,l,t
64.186985,1000,20.553403
