#{"t_start": 1718361178.7655077, "env_id": "NewRandomGoalAnt-v2"}
r,l,t
40.54694,509,10.836056
6.725114,275,16.15123
