#{"t_start": 1718361178.7707849, "env_id": "NewRandomGoalAnt-v2"}
r,l,t
19.249328,1000,20.5439
