#{"t_start": 1718361178.7755373, "env_id": "NewRandomGoalAnt-v2"}
r,l,t
0.958424,60,1.909536
9.183504,394,9.787757
-25.659582,543,20.481118
