#{"t_start": 1718361178.7755373, "env_id": "NewRandomGoalAnt-v2"}
r,l,t
0.958424,60,1.909536
9.183504,394,9.787757
-25.659582,543,20.481118
26.49522,307,26.617583
8.856729,640,39.578769
29.757368,216,43.77008
-14.086939,92,45.50601
-16.822127,176,49.076373
-37.22205,250,54.372963
29.487366,1000,74.408309
-27.139897,143,76.463849
