#{"t_start": 1718361178.7809796, "env_id": "NewRandomGoalAnt-v2"}
r,l,t
64.561054,499,10.629773
101.000598,563,21.82056
-12.353394,17,22.173317
-11.733874,13,22.446131
