#{"t_start": 1718361178.7863765, "env_id": "NewRandomGoalAnt-v2"}
r,l,t
3.583613,172,4.310858
10.552559,20,4.714266
31.40709,601,16.307384
41.03519,278,22.007681
-9.735632,11,22.225069
-0.315234,500,32.278835
-13.14275,371,39.742161
47.953009,1000,60.260995
-52.663095,271,66.044662
-10.884786,449,74.31789
