#{"t_start": 1718361178.7921505, "env_id": "NewRandomGoalAnt-v2"}
r,l,t
-61.14455,1000,20.52385
76.521013,1000,40.675167
-9.386849,14,40.925422
-9.111981,10,41.134415
49.081868,1000,61.799282
80.657962,379,69.738208
