#{"t_start": 1718361178.7921505, "env_id": "NewRandomGoalAnt-v2"}
r,l,t
-61.14455,1000,20.52385
