#{"t_start": 1718361817.2426653, "env_id": "NewRandomGoalAnt-v2"}
r,l,t
-40.055826,199,2.196189
-10.424471,14,2.277412
61.888662,863,7.383065
-42.866554,1000,13.345097
27.55083,1000,19.387412
69.455122,753,24.488211
-10.349645,129,25.717193
-30.535465,818,72.952037
-18.239605,292,74.695382
-0.675593,148,75.590443
1.518115,861,80.706376
-9.403725,11,80.771916
