#{"t_start": 1718361817.3769858, "env_id": "NewRandomGoalAnt-v2"}
r,l,t
-76.027083,970,6.624317
-5.344935,140,7.449673
-0.212481,785,12.133724
-12.95722,12,12.205948
59.477789,1000,18.24268
-19.241728,119,18.948717
-17.557323,605,22.701551
27.978828,294,25.276007
0.622084,24,25.493388
4.122016,34,25.837612
-76.840802,1000,74.062838
-26.881209,20,74.182188
0.076378,68,74.579766
86.451105,967,80.328015
