#{"t_start": 1718361817.3819485, "env_id": "NewRandomGoalAnt-v2"}
r,l,t
-60.235869,1000,6.800043
-55.100821,1000,12.751727
37.738554,720,17.120974
64.893773,366,19.318478
-6.545632,164,20.308921
34.228885,1000,69.592913
-109.353244,1000,75.653325
41.648489,945,81.25846
-14.322945,16,81.351648
