#{"t_start": 1718361817.3860147, "env_id": "NewRandomGoalAnt-v2"}
r,l,t
-1.662313,144,1.723094
-5.822101,110,2.373426
6.644607,1000,8.285324
-118.074918,728,12.640191
-36.114931,210,13.922338
-43.130236,267,15.549684
-66.014142,1000,21.566084
-28.011173,1000,70.861459
-4.697489,175,71.914509
-86.447003,1000,77.930079
-5.771085,818,82.774147
