#{"t_start": 1718361817.3902857, "env_id": "NewRandomGoalAnt-v2"}
r,l,t
-70.432198,375,3.0856
22.869133,386,5.3722
-13.309729,61,5.737661
4.768592,108,6.365613
-3.672416,282,8.031215
4.990561,374,10.25719
25.753183,737,14.718074
-124.708732,698,18.904429
-25.747797,444,21.599699
-18.227649,13,21.67693
-56.889396,723,69.292417
-8.934684,28,69.456949
28.139001,1000,75.520692
-70.933469,755,80.000724
-8.427712,11,80.064362
