#{"t_start": 1718361817.3941643, "env_id": "NewRandomGoalAnt-v2"}
r,l,t
10.773688,179,1.926997
-15.648162,10,1.985687
15.349551,599,5.534053
-19.755807,577,8.927966
-11.161633,1000,14.969887
-9.200975,10,15.030784
-24.709671,513,18.106318
-36.213271,1000,24.904241
12.006107,273,69.047221
63.05601,1000,75.105706
-4.114255,16,75.201571
-113.335388,949,80.84555
-12.725322,13,80.921909
