#{"t_start": 1718361817.3979461, "env_id": "NewRandomGoalAnt-v2"}
r,l,t
119.431555,757,5.341419
-9.460759,11,5.414984
-9.310345,84,5.903214
-6.859752,350,7.966
129.181428,752,12.462037
-68.538254,900,17.896039
-51.373025,507,20.975594
-5.220168,10,21.035912
-43.442266,341,23.300354
-18.745794,24,23.505082
-14.140336,11,23.601293
31.651888,916,72.084536
-45.328206,1000,78.090489
-71.446371,471,80.889571
-3.925716,129,81.643379
