#{"t_start": 1718361817.4023824, "env_id": "NewRandomGoalAnt-v2"}
r,l,t
-10.778965,152,1.759217
-27.848533,1000,7.667517
-106.643689,990,13.595665
-45.395993,403,16.05968
-62.515452,394,18.409659
-42.638585,475,21.289474
-58.829598,511,25.251953
38.201874,1000,73.690313
-40.935622,318,75.59065
-16.249712,548,78.84105
-44.759227,232,80.212763
36.401423,388,82.518657
