#{"t_start": 1718361817.4061198, "env_id": "NewRandomGoalAnt-v2"}
r,l,t
26.792863,752,5.302302
-14.990136,12,5.378109
-62.495595,234,6.764277
-17.939441,83,7.252384
-51.390322,1000,13.215627
-110.634712,1000,19.263855
-13.001706,960,26.429796
-17.619497,51,26.962548
-18.237173,23,68.763137
-6.689418,12,68.834514
-96.383674,1000,74.890576
-137.357929,691,79.000115
