#{"t_start": 1718361817.41051, "env_id": "NewRandomGoalAnt-v2"}
r,l,t
-29.065744,1000,6.772928
28.207396,1000,12.724725
-42.090652,246,14.236202
70.973757,1000,20.257525
3.084202,1000,69.541322
22.202348,1000,75.601355
-95.30806,826,80.511426
-10.560413,9,80.565697
-7.645596,10,80.624302
