#{"t_start": 1718361817.2468002, "env_id": "NewRandomGoalAnt-v2"}
r,l,t
-103.912571,1000,6.932675
16.713944,346,8.9581
-5.790096,264,10.542628
-81.177296,473,13.385214
85.265782,699,17.620027
6.08773,1000,24.044218
-61.124574,270,26.702939
-34.615213,1000,74.596588
48.846007,1000,80.542
6.141173,126,81.2942
