#{"t_start": 1718361817.250483, "env_id": "NewRandomGoalAnt-v2"}
r,l,t
-4.811404,293,2.736523
46.943041,1000,8.644008
2.093949,250,10.141588
-29.095941,19,10.254475
-12.952619,10,10.312592
-12.168684,10,10.37043
86.786571,901,15.828323
-121.994046,918,21.361313
7.498539,946,70.305137
-18.363197,23,70.444601
-21.726387,343,72.540069
-19.972878,144,73.430951
-28.090773,1000,79.392837
