#{"t_start": 1718361817.2541432, "env_id": "NewRandomGoalAnt-v2"}
r,l,t
70.213669,1000,6.925956
-38.305297,396,9.253648
33.061811,807,14.119698
14.866012,413,16.62875
2.512747,61,16.990827
-16.725365,1000,23.180865
-46.823439,1000,72.31607
-12.200752,9,72.373233
-39.402271,154,73.327835
-4.642108,518,76.420452
-74.037534,1000,82.35511
