#{"t_start": 1718361817.258097, "env_id": "NewRandomGoalAnt-v2"}
r,l,t
31.414881,746,5.410521
-15.944485,15,5.502444
6.644355,1000,11.445236
-10.655352,15,11.539695
10.633898,104,12.161632
2.948162,76,12.611268
-2.201417,16,12.706734
-70.879836,1000,18.744781
59.243544,966,25.516903
7.590116,210,69.104365
-36.065869,315,71.011662
5.228048,219,72.344719
-8.587627,10,72.404428
95.729791,1000,78.398734
