#{"t_start": 1718361817.2624645, "env_id": "NewRandomGoalAnt-v2"}
r,l,t
-32.619101,1000,6.918256
9.742217,248,8.370708
-3.576446,25,8.516696
-0.522247,79,8.978401
-49.48575,1000,15.020131
-92.863568,1000,21.05635
-19.593714,324,23.164843
-55.906051,438,68.898503
15.895595,1000,74.955863
-134.500405,1000,80.905858
-48.810386,305,82.703845
