#{"t_start": 1718361817.266505, "env_id": "NewRandomGoalAnt-v2"}
r,l,t
66.039244,722,5.25971
-11.101925,36,5.477674
-12.939129,11,5.551087
-4.180981,1000,11.488998
-35.084149,592,15.071962
-6.201304,11,15.139916
63.437337,881,20.442917
50.901835,1000,69.724655
-43.092738,555,73.125679
-62.852557,1000,79.077156
