#{"t_start": 1718361817.270196, "env_id": "NewRandomGoalAnt-v2"}
r,l,t
-22.116655,54,1.279353
-7.013126,41,1.534095
48.047274,1000,7.469179
-23.907048,1000,13.433323
10.455581,405,15.913831
-56.058467,1000,21.927752
19.720309,74,22.373503
-67.954814,1000,71.658984
-36.504791,1000,77.690275
-19.182663,24,77.830467
17.065258,1000,83.750928
