#{"t_start": 1718361817.2740958, "env_id": "NewRandomGoalAnt-v2"}
r,l,t
-9.97369,118,1.662533
53.34355,1000,7.599221
-10.192507,10,7.65641
-16.868982,977,13.48952
-12.161745,929,19.097875
8.945507,1000,26.479055
12.032436,66,68.802512
1.625567,46,69.077254
66.243955,1000,75.133679
103.0229,1000,81.081374
5.735423,116,81.759925
-11.382713,11,81.825053
-11.352787,376,84.050581
