#{"t_start": 1718361814.9935434, "env_id": "NewRandomGoalAnt-v2"}
r,l,t-126.442998,650,4.994421
41.913734,515,8.067918
12.883451,792,12.749305
50.280675,486,15.622599
98.05412,867,20.774414
14.835303,88,21.289162
-5.698567,11,21.356681
-29.969974,271,22.982756
48.677524,1000,72.426773
30.442533,1000,78.514012
-59.04419,1000,84.473214
