#{"t_start": 1718361814.813563, "env_id": "NewRandomGoalAnt-v2"}
r,l,t
-36.057993,269,2.633448
-14.644516,350,4.811251
129.81206,1000,10.757408
35.321291,1000,16.67653
25.114885,350,18.760175
25.46728,882,23.995007
-22.564063,41,24.237588
-27.191417,441,70.033552
-6.605011,493,73.305678
-15.125396,10,73.36502
14.682101,359,75.602477
-58.469941,671,79.611038
21.465081,1000,85.572931
-9.930104,102,86.175234
-1.639735,15,86.265663
-12.688095,11,86.332891
