#{"t_start": 1718361814.9537299, "env_id": "NewRandomGoalAnt-v2"}
r,l,t
31.365168,247,2.374104
68.261673,1000,8.412137
-6.988524,13,8.488947
-33.160968,715,12.712955
28.678659,213,13.991564
-37.378516,1000,19.901194
-54.381105,1000,68.594017
19.850237,1000,75.420315
-111.303156,1000,81.399263
