#{"t_start": 1718361814.95795, "env_id": "NewRandomGoalAnt-v2"}
r,l,t
67.357157,1000,6.934007
-51.828883,1000,12.861731
-6.430696,18,12.974537
-10.841526,10,13.034969
76.559609,857,18.116993
105.248585,1000,24.053737
-34.726422,1000,73.512294
93.611631,1000,79.583693
86.309317,582,83.071582
