#{"t_start": 1718361814.9625204, "env_id": "NewRandomGoalAnt-v2"}
r,l,t
97.157859,569,4.365025
-13.010522,11,4.430636
88.452566,1000,10.379755
-67.566063,508,13.392388
-5.942149,105,14.013184
94.921278,618,17.675671
-15.168796,17,17.774649
8.24876,292,19.493974
-7.891722,15,19.580901
7.982257,81,20.056701
23.637026,1000,68.854314
-58.909627,480,72.372823
16.027817,93,72.932917
61.050946,443,75.681262
-77.353856,1000,81.666327
3.097175,114,82.341445
3.716341,310,84.176198
