#{"t_start": 1718361814.966309, "env_id": "NewRandomGoalAnt-v2"}
r,l,t
-2.723945,431,3.503653
56.010982,1000,9.501415
-28.638992,310,11.324068
-32.437669,887,16.580927
-110.61109,738,20.950411
-7.940386,1000,70.165289
3.097779,187,71.506311
-20.083973,58,71.856107
8.421829,241,73.308837
19.516829,386,75.714462
62.375133,1000,81.698774
15.483893,729,86.017436
