#{"t_start": 1718361814.9742768, "env_id": "NewRandomGoalAnt-v2"}
r,l,t
-74.47734,968,6.725361
-0.984351,68,7.129997
-19.73086,11,7.196091
65.669909,1000,13.132474
-23.838422,272,14.740369
32.663597,569,18.118792
-98.249042,1000,24.055334
-2.019223,117,24.781322
50.086569,1000,74.232355
-56.075428,1000,80.293535
-9.873223,10,80.353141
-26.530432,985,86.21116
