#{"t_start": 1718361814.9780455, "env_id": "NewRandomGoalAnt-v2"}
r,l,t
27.255269,440,3.550426
42.491026,445,6.234002
34.533402,551,9.521039
-74.868747,445,12.13549
-25.094733,23,12.272695
-12.201464,21,12.397003
17.545748,192,13.546409
-116.949801,1000,19.461153
92.843917,1000,67.854976
-12.98187,10,67.965254
41.006374,1000,75.000318
-75.672816,775,79.667736
96.899427,987,85.547951
