#{"t_start": 1718361814.982106, "env_id": "NewRandomGoalAnt-v2"}
r,l,t
-98.921,1000,6.911477
50.291938,286,8.611759
121.715289,1000,14.540492
-17.020715,9,14.593257
-9.674263,90,15.114114
-8.096032,51,15.412003
67.45449,719,19.678798
15.453309,234,21.067444
-86.225627,628,24.866745
44.068905,315,69.858869
-24.533358,442,72.820687
-5.215144,1000,78.901757
-33.331838,166,79.893143
-33.810943,1000,85.840668
