#{"t_start": 1718361814.9858017, "env_id": "NewRandomGoalAnt-v2"}
r,l,t
-41.343803,1000,6.9082
-17.190644,164,7.888886
7.717392,695,12.00129
-29.558845,25,12.146255
166.615714,1000,18.083943
69.511831,558,21.378789
78.279549,1000,70.759225
-0.602419,110,71.480685
41.959041,1000,77.578443
-41.704605,325,79.51036
6.501749,909,84.931634
