#{"t_start": 1718361814.9897652, "env_id": "NewRandomGoalAnt-v2"}
r,l,t
13.39737,417,3.398213
54.870766,1000,9.391275
-87.575718,770,13.950186
-51.350058,921,19.394639
95.537639,1000,67.749529
50.934009,407,71.259058
-21.35626,83,71.753996
-139.464029,1000,77.849737
-12.405353,17,77.949397
-105.260625,1000,83.905192
8.409902,74,84.351444
