#{"t_start": 1718361814.817733, "env_id": "NewRandomGoalAnt-v2"}
r,l,t
-26.489709,347,3.14636
-32.350953,259,4.72962
49.725288,1000,10.676292
-23.430133,66,11.065909
11.53427,1000,16.994489
-35.060859,679,21.010421
123.560535,935,69.622396
19.762574,371,72.279054
-7.910505,325,74.244789
-30.475483,359,76.484634
-121.442738,639,80.295974
-97.489529,655,84.193208
-22.251758,223,85.520873
