#{"t_start": 1718361814.8215451, "env_id": "NewRandomGoalAnt-v2"}
r,l,t
-2.547658,59,1.289442
-124.021057,1000,7.417294
-15.376558,510,10.453953
13.871769,961,16.12956
-41.435294,1000,22.071392
-23.177102,591,68.053445
-21.540287,259,70.427531
-18.93217,244,72.077799
-17.043568,52,72.391548
89.004831,787,77.209408
-117.355561,1000,83.181699
-11.760985,9,83.235994
