#{"t_start": 1718361814.825296, "env_id": "NewRandomGoalAnt-v2"}
r,l,t
165.06404,1000,7.064919
-35.071844,1000,12.992898
-95.406638,1000,18.925489
54.924683,940,24.508137
-25.738345,714,72.254042
-28.316572,213,73.536729
111.717467,614,77.313243
34.485438,226,78.661258
85.211982,1000,84.619814
