#{"t_start": 1718361814.8295062, "env_id": "NewRandomGoalAnt-v2"}
r,l,t
119.197205,1000,7.06118
-37.96345,34,7.260634
-27.475559,101,7.862138
-1.245046,12,7.936857
-11.486594,9,7.996788
-29.720706,1000,13.925537
-5.442873,24,14.066331
67.197237,613,17.70279
12.583411,527,20.816312
-36.18709,883,68.861787
92.32849,475,72.395764
11.864193,139,73.237888
-74.15465,1000,79.309659
-56.024328,508,82.350446
-11.203504,117,83.04498
-8.430969,25,83.198689
