#{"t_start": 1718361814.8333173, "env_id": "NewRandomGoalAnt-v2"}
r,l,t
62.612957,578,4.547071
-23.898002,130,5.310956
-119.335331,1000,11.257785
18.962307,225,12.587701
-90.801629,544,15.802648
-21.130615,448,18.477087
-102.18178,1000,24.411124
-7.366556,1000,73.877474
-28.679967,226,75.301554
93.00438,1000,81.295246
-67.453801,567,84.677892
