#{"t_start": 1718361814.8420362, "env_id": "NewRandomGoalAnt-v2"}
r,l,t
113.91443,653,4.981584
25.152199,238,6.404586
-24.116719,223,7.723539
9.675101,1000,13.663705
-26.948158,123,14.39166
-51.472679,1000,20.30299
14.249584,238,21.718225
-85.322616,1000,71.155795
-1.971076,182,72.256033
-46.021788,313,74.142629
101.367124,1000,80.210887
-23.188092,935,85.775878
