#{"t_start": 1718361814.8473315, "env_id": "NewRandomGoalAnt-v2"}
r,l,t
-20.731816,532,4.255298
-31.324062,187,5.362486
-16.953438,34,5.562583
-4.144392,11,5.629854
9.605632,411,8.090698
1.622891,12,8.161121
24.764148,1000,14.090508
11.932279,1000,20.001231
-6.004769,23,20.135245
-55.279386,797,24.923764
8.40535,1000,74.372407
-24.400081,20,74.49666
77.008855,1000,80.551585
15.364055,364,82.718673
-69.203456,567,86.082201
-6.159882,9,86.135446
